03.01.2000;117,37
04.01.2000;113,56
05.01.2000;111,12
06.01.2000;112,19
07.01.2000;108,62
10.01.2000;113,44
11.01.2000;111,5
12.01.2000;108,5
13.01.2000;104,37
14.01.2000;107,19
18.01.2000;111,81
19.01.2000;110,5
20.01.2000;107,06
21.01.2000;107
24.01.2000;103,8
25.01.2000;101
26.01.2000;102,44
27.01.2000;99,89
28.01.2000;98,12
31.01.2000;97,62
01.02.2000;98,5
02.02.2000;102,44
03.02.2000;102,06
04.02.2000;104,37
07.02.2000;106,81
08.02.2000;106,44
09.02.2000;109,44
10.02.2000;103,89
11.02.2000;104,87
14.02.2000;101,23
15.02.2000;99,75
16.02.2000;99,25
17.02.2000;98,5
18.02.2000;100
22.02.2000;95,12
23.02.2000;93,5
24.02.2000;94,25
25.02.2000;94,69
28.02.2000;90,25
29.02.2000;91,75
01.03.2000;89,62
02.03.2000;91,81
03.03.2000;94,75
06.03.2000;96
07.03.2000;96,12
08.03.2000;93,81
09.03.2000;95,31
10.03.2000;99,56
13.03.2000;97,62
14.03.2000;98,62
15.03.2000;94,56
16.03.2000;95,94
17.03.2000;95,25
20.03.2000;98,75
21.03.2000;96,75
22.03.2000;102,81
23.03.2000;106,81
24.03.2000;112,62
27.03.2000;107,77
28.03.2000;103,62
29.03.2000;105,19
30.03.2000;106,19
31.03.2000;106
03.04.2000;94,44
04.04.2000;91,56
05.04.2000;88,25
06.04.2000;87,87
07.04.2000;87
10.04.2000;88,62
11.04.2000;85,12
12.04.2000;82,12
13.04.2000;80,87
14.04.2000;79,12
17.04.2000;74,25
18.04.2000;76,5
19.04.2000;81,44
20.04.2000;78,62
24.04.2000;67,25
25.04.2000;68,75
26.04.2000;70
27.04.2000;67,44
28.04.2000;70,75
01.05.2000;72,87
02.05.2000;72,81
03.05.2000;70,37
04.05.2000;70,31
05.05.2000;70,25
08.05.2000;70,94
09.05.2000;70,19
10.05.2000;67,75
11.05.2000;66,62
12.05.2000;68,44
15.05.2000;69
16.05.2000;69,56
17.05.2000;68,87
18.05.2000;68,06
19.05.2000;65,37
22.05.2000;65,12
23.05.2000;63,88
24.05.2000;63,13
25.05.2000;64,56
26.05.2000;62,06
30.05.2000;62,44
31.05.2000;63,64
01.06.2000;64,37
02.06.2000;66
05.06.2000;66,02
06.06.2000;68,19
07.06.2000;69,25
08.06.2000;71,56
09.06.2000;69,62
12.06.2000;69
13.06.2000;66,75
14.06.2000;69,81
15.06.2000;70,81
16.06.2000;72,62
19.06.2000;72,56
20.06.2000;73,87
21.06.2000;77
22.06.2000;81,37
23.06.2000;79,94
26.06.2000;77,5
27.06.2000;79,25
28.06.2000;79
29.06.2000;78,25
30.06.2000;77,06
03.07.2000;79,69
05.07.2000;79,87
06.07.2000;78,87
07.07.2000;81,27
10.07.2000;80,69
11.07.2000;78,81
12.07.2000;78,25
13.07.2000;78,81
14.07.2000;79,5
17.07.2000;78,25
18.07.2000;77,62
19.07.2000;76,06
20.07.2000;73,44
21.07.2000;74,75
24.07.2000;72,06
25.07.2000;70,81
26.07.2000;69,06
27.07.2000;67,87
28.07.2000;70,94
31.07.2000;70,19
01.08.2000;69,94
02.08.2000;68,56
03.08.2000;68,19
04.08.2000;69,44
07.08.2000;70,19
08.08.2000;70,06
09.08.2000;73,75
10.08.2000;73,81
11.08.2000;72,44
14.08.2000;72,31
15.08.2000;72
16.08.2000;71,87
17.08.2000;71,12
18.08.2000;71,12
21.08.2000;70,69
22.08.2000;70,81
23.08.2000;70,81
24.08.2000;70,62
25.08.2000;70,69
28.08.2000;70,19
29.08.2000;71,19
30.08.2000;70,69
31.08.2000;70,87
01.09.2000;70
05.09.2000;70
06.09.2000;70,06
07.09.2000;70
08.09.2000;70,37
11.09.2000;69,12
12.09.2000;68,75
13.09.2000;67,56
14.09.2000;68,69
15.09.2000;65,44
18.09.2000;64,25
19.09.2000;63,63
20.09.2000;64,87
21.09.2000;64
22.09.2000;61,13
25.09.2000;63,25
26.09.2000;60,94
27.09.2000;63,44
28.09.2000;60,81
29.09.2000;61
02.10.2000;60,5
03.10.2000;59,56
04.10.2000;56,38
05.10.2000;55,5
06.10.2000;55,81
09.10.2000;55,63
10.10.2000;53,94
11.10.2000;54
12.10.2000;56,31
13.10.2000;53,88
16.10.2000;53,5
17.10.2000;51,88
18.10.2000;49,63
19.10.2000;58,44
20.10.2000;61,31
23.10.2000;64,62
24.10.2000;62,63
25.10.2000;61,94
26.10.2000;61
27.10.2000;64,69
30.10.2000;67,5
31.10.2000;69
01.11.2000;68,5
02.11.2000;70,37
03.11.2000;69,25
06.11.2000;68,69
07.11.2000;69,75
08.11.2000;71,12
09.11.2000;68,5
10.11.2000;69,94
13.11.2000;66,69
14.11.2000;68
15.11.2000;69,06
16.11.2000;69,44
17.11.2000;69,44
20.11.2000;68,12
21.11.2000;67,37
22.11.2000;66,06
24.11.2000;69
27.11.2000;71,44
28.11.2000;69,37
29.11.2000;66,81
30.11.2000;62
01.12.2000;58,06
04.12.2000;57,25
05.12.2000;59,19
06.12.2000;60
07.12.2000;53,44
08.12.2000;54,63
11.12.2000;55,5
12.12.2000;57,81
13.12.2000;60,5
14.12.2000;57,94
15.12.2000;51,05
18.12.2000;49
19.12.2000;47,44
20.12.2000;42,81
21.12.2000;40,75
22.12.2000;44,75
26.12.2000;46,88
27.12.2000;46,13
28.12.2000;45,13
29.12.2000;43,94
02.01.2001;44,13
03.01.2001;43,19
04.01.2001;47,81
05.01.2001;48,5
08.01.2001;48,94
09.01.2001;50
10.01.2001;51
11.01.2001;53
12.01.2001;54,88
16.01.2001;53,38
17.01.2001;53,63
18.01.2001;53,69
19.01.2001;60
22.01.2001;60,75
23.01.2001;59,75
24.01.2001;61
25.01.2001;62,75
26.01.2001;61
29.01.2001;63,56
30.01.2001;64,5
31.01.2001;63
01.02.2001;60,81
02.02.2001;62,5
05.02.2001;60,75
06.02.2001;62,06
07.02.2001;62
08.02.2001;63,75
09.02.2001;61,31
12.02.2001;58,81
13.02.2001;59,63
14.02.2001;57,63
15.02.2001;59
16.02.2001;57
20.02.2001;57,38
21.02.2001;55,25
22.02.2001;56,31
23.02.2001;54,44
26.02.2001;57,63
27.02.2001;59,38
28.02.2001;59,56
01.03.2001;58,56
02.03.2001;57,5
05.03.2001;57,25
06.03.2001;58,63
07.03.2001;59,88
08.03.2001;60,31
09.03.2001;57,94
12.03.2001;54,69
13.03.2001;52,19
14.03.2001;52,5
15.03.2001;55,31
16.03.2001;52,5
19.03.2001;54,5
20.03.2001;54,56
21.03.2001;52,25
22.03.2001;50,56
23.03.2001;54,94
26.03.2001;57,13
27.03.2001;56,06
28.03.2001;57,38
29.03.2001;55,38
30.03.2001;55,75
02.04.2001;54,81
03.04.2001;55,31
04.04.2001;53,38
05.04.2001;53,75
06.04.2001;56,38
09.04.2001;56,57
10.04.2001;57,95
11.04.2001;60,65
12.04.2001;59,56
16.04.2001;61,4
17.04.2001;60,52
18.04.2001;63,39
19.04.2001;65,81
20.04.2001;70,3
23.04.2001;68,11
24.04.2001;68,2
25.04.2001;67,57
26.04.2001;70,07
27.04.2001;69,53
30.04.2001;68,53
01.05.2001;67,66
02.05.2001;71
03.05.2001;69,25
04.05.2001;68
07.05.2001;70,83
08.05.2001;71,75
09.05.2001;71,24
10.05.2001;71,13
11.05.2001;69,96
14.05.2001;69,13
15.05.2001;68,74
16.05.2001;67,7
17.05.2001;69,1
18.05.2001;67,69
21.05.2001;68,05
22.05.2001;69,45
23.05.2001;70,39
24.05.2001;69,94
25.05.2001;71,66
29.05.2001;70,8
30.05.2001;69,56
31.05.2001;69,49
01.06.2001;69,6
04.06.2001;70,55
05.06.2001;70,76
06.06.2001;72,89
07.06.2001;72,12
08.06.2001;73,7
11.06.2001;72,85
12.06.2001;71,02
13.06.2001;72,05
14.06.2001;70,22
15.06.2001;67,51
18.06.2001;67,95
19.06.2001;68,21
20.06.2001;67,14
21.06.2001;69,15
22.06.2001;70
25.06.2001;69,1
26.06.2001;67,82
27.06.2001;69,86
28.06.2001;71,55
29.06.2001;72,6
02.07.2001;72,05
03.07.2001;70,3
05.07.2001;70,22
06.07.2001;68,3
09.07.2001;66,2
10.07.2001;65,9
11.07.2001;64,21
12.07.2001;70,7
13.07.2001;71,4
16.07.2001;71,45
17.07.2001;70,66
18.07.2001;70,6
19.07.2001;71,22
20.07.2001;68,03
23.07.2001;69,24
24.07.2001;67
25.07.2001;66,26
26.07.2001;67,12
27.07.2001;66,05
30.07.2001;65,65
31.07.2001;66,01
01.08.2001;66,8
02.08.2001;67,21
03.08.2001;67,3
06.08.2001;66,53
07.08.2001;66,04
08.08.2001;66,51
09.08.2001;64,98
10.08.2001;64,77
13.08.2001;65,24
14.08.2001;65,75
15.08.2001;64,71
16.08.2001;62,84
17.08.2001;63,78
20.08.2001;61,66
21.08.2001;62,7
22.08.2001;61,13
23.08.2001;60,67
24.08.2001;59,6
27.08.2001;61,9
28.08.2001;62,34
29.08.2001;61,05
30.08.2001;59,04
31.08.2001;56,85
04.09.2001;57,19
05.09.2001;56,18
06.09.2001;56,56
07.09.2001;56,11
10.09.2001;54,92
17.09.2001;54,02
18.09.2001;53,41
19.09.2001;54,46
20.09.2001;52,35
21.09.2001;47,92
24.09.2001;50,65
25.09.2001;52,27
26.09.2001;51,51
27.09.2001;50,1
28.09.2001;49,62
01.10.2001;50,94
02.10.2001;51,63
03.10.2001;52,48
04.10.2001;56,92
05.10.2001;56,16
08.10.2001;56,8
09.10.2001;57,5
10.10.2001;53,6
11.10.2001;55,76
12.10.2001;55,7
15.10.2001;55,9
16.10.2001;57,87
17.10.2001;59,12
18.10.2001;56,34
19.10.2001;57,4
22.10.2001;57,9
23.10.2001;60,47
24.10.2001;60,5
25.10.2001;60,61
26.10.2001;62,32
29.10.2001;62,1
30.10.2001;58,92
31.10.2001;59,3
01.11.2001;60,08
02.11.2001;61,93
05.11.2001;61,86
06.11.2001;62,7
07.11.2001;64,22
08.11.2001;64,46
09.11.2001;64,34
12.11.2001;64,7
13.11.2001;66,8
14.11.2001;68,23
15.11.2001;66,1
16.11.2001;66,36
19.11.2001;66,25
20.11.2001;66,45
21.11.2001;64,36
23.11.2001;64,38
26.11.2001;64,99
27.11.2001;64,79
28.11.2001;63,17
29.11.2001;63,12
30.11.2001;64,66
03.12.2001;63,83
04.12.2001;65
05.12.2001;66,49
06.12.2001;67,98
07.12.2001;68,25
10.12.2001;67,52
11.12.2001;67,66
12.12.2001;67,16
13.12.2001;67,13
14.12.2001;66,02
17.12.2001;67,17
18.12.2001;68,92
19.12.2001;68,62
20.12.2001;69,15
21.12.2001;68,01
24.12.2001;67,72
26.12.2001;67,42
27.12.2001;67,98
28.12.2001;68,23
31.12.2001;67,84
02.01.2002;66,65
03.01.2002;67,11
04.01.2002;69,25
07.01.2002;69,75
08.01.2002;68,69
09.01.2002;69,72
10.01.2002;68,48
11.01.2002;69,52
14.01.2002;68,3
15.01.2002;68,66
16.01.2002;68,85
17.01.2002;68,53
18.01.2002;67,1
22.01.2002;66,61
23.01.2002;64,05
24.01.2002;64,1
25.01.2002;64,19
28.01.2002;64,23
29.01.2002;63,9
30.01.2002;62,45
31.01.2002;63,06
01.02.2002;64,15
04.02.2002;62,4
05.02.2002;60,8
06.02.2002;61,61
07.02.2002;60,3
08.02.2002;60,12
11.02.2002;60,01
12.02.2002;60,49
13.02.2002;60,26
14.02.2002;62
15.02.2002;61,7
19.02.2002;59,91
20.02.2002;59,4
21.02.2002;59,72
22.02.2002;58,05
25.02.2002;57,94
26.02.2002;59,1
27.02.2002;59,07
28.02.2002;58,78
01.03.2002;59,05
04.03.2002;61,24
05.03.2002;63
06.03.2002;62,91
07.03.2002;63,67
08.03.2002;63,63
11.03.2002;63,51
12.03.2002;62,52
13.03.2002;62,08
14.03.2002;62,14
15.03.2002;61
18.03.2002;62,74
19.03.2002;62,18
20.03.2002;61,4
21.03.2002;60,21
22.03.2002;61,05
25.03.2002;60,48
26.03.2002;59,1
27.03.2002;58,8
28.03.2002;59,95
01.04.2002;59,83
02.04.2002;58,9
03.04.2002;57,44
04.04.2002;55,98
05.04.2002;56,89
08.04.2002;54,3
09.04.2002;57,33
10.04.2002;55,12
11.04.2002;55,89
12.04.2002;55,15
15.04.2002;56
16.04.2002;56,4
17.04.2002;57,95
18.04.2002;56,79
19.04.2002;57,44
22.04.2002;56,52
23.04.2002;55,7
24.04.2002;53,85
25.04.2002;52,9
26.04.2002;54,07
29.04.2002;51,47
30.04.2002;52,1
01.05.2002;52,16
02.05.2002;52,64
03.05.2002;51,26
06.05.2002;49,44
07.05.2002;49,18
08.05.2002;51,27
09.05.2002;54,4
10.05.2002;52,53
13.05.2002;50,45
14.05.2002;54,4
15.05.2002;54,49
16.05.2002;54,71
17.05.2002;56,21
20.05.2002;55,5
21.05.2002;53,95
22.05.2002;51,87
23.05.2002;53,7
24.05.2002;54,14
28.05.2002;53,59
29.05.2002;51,65
30.05.2002;51,64
31.05.2002;52,9
03.06.2002;50,99
04.06.2002;49,5
05.06.2002;50,43
06.06.2002;51,5
07.06.2002;49,89
10.06.2002;51,65
11.06.2002;53,24
12.06.2002;52,58
13.06.2002;54,84
14.06.2002;53,15
17.06.2002;55,66
18.06.2002;55,53
19.06.2002;55,47
20.06.2002;54,37
21.06.2002;53,4
24.06.2002;52,09
25.06.2002;54,7
26.06.2002;51,05
27.06.2002;54,6
28.06.2002;54,55
01.07.2002;54,12
02.07.2002;52,38
03.07.2002;51,24
05.07.2002;53,09
08.07.2002;54,41
09.07.2002;53,31
10.07.2002;53,69
11.07.2002;52,04
12.07.2002;53,37
15.07.2002;51,39
16.07.2002;51,31
17.07.2002;52,52
18.07.2002;52,06
19.07.2002;49,87
22.07.2002;48,95
23.07.2002;46,49
24.07.2002;41,75
25.07.2002;45,45
26.07.2002;43,74
29.07.2002;46,85
30.07.2002;47,55
31.07.2002;47,61
01.08.2002;47,58
02.08.2002;45,51
05.08.2002;44,29
06.08.2002;44,9
07.08.2002;47
08.08.2002;47,11
09.08.2002;48,15
12.08.2002;47,61
13.08.2002;47,99
14.08.2002;47,25
15.08.2002;49,96
16.08.2002;49,43
19.08.2002;50,04
20.08.2002;51,38
21.08.2002;51,56
22.08.2002;52,85
23.08.2002;52,66
26.08.2002;52,5
27.08.2002;52,33
28.08.2002;50,48
29.08.2002;48,89
30.08.2002;50,14
03.09.2002;48,52
04.09.2002;47,45
05.09.2002;47,5
06.09.2002;47,75
09.09.2002;47,25
10.09.2002;48,54
11.09.2002;50,23
12.09.2002;48,15
13.09.2002;46,9
16.09.2002;47,6
17.09.2002;48,67
18.09.2002;46,72
19.09.2002;46,68
20.09.2002;47,71
23.09.2002;46,6
24.09.2002;44,83
25.09.2002;46,4
26.09.2002;47,11
27.09.2002;46,04
30.09.2002;44,87
01.10.2002;44,32
02.10.2002;46,1
03.10.2002;45,3
04.10.2002;45,39
07.10.2002;43,81
08.10.2002;44,75
09.10.2002;44,23
10.10.2002;44
11.10.2002;47,36
14.10.2002;48,25
15.10.2002;51,26
16.10.2002;50,39
17.10.2002;52,28
18.10.2002;52,6
21.10.2002;51,97
22.10.2002;51,43
23.10.2002;51,43
24.10.2002;53,36
25.10.2002;51,25
28.10.2002;53,4
29.10.2002;52,15
30.10.2002;52,2
31.10.2002;53,19
01.11.2002;52,43
04.11.2002;56,75
05.11.2002;55,78
06.11.2002;56,99
07.11.2002;56,2
08.11.2002;56
11.11.2002;55,07
12.11.2002;54,1
13.11.2002;54,24
14.11.2002;55,99
15.11.2002;56,6
18.11.2002;56,95
19.11.2002;55,55
20.11.2002;55,01
21.11.2002;56,98
22.11.2002;57,45
25.11.2002;58,06
26.11.2002;57,64
27.11.2002;57,6
29.11.2002;58,43
02.12.2002;58,65
03.12.2002;57,28
04.12.2002;56,13
05.12.2002;56,95
06.12.2002;54,87
09.12.2002;55
10.12.2002;53,56
11.12.2002;53,85
12.12.2002;55
13.12.2002;53,68
16.12.2002;53
17.12.2002;54,42
18.12.2002;53,84
19.12.2002;53,25
20.12.2002;53,49
23.12.2002;53,05
24.12.2002;53,54
26.12.2002;54,03
27.12.2002;53,28
30.12.2002;53,01
31.12.2002;52,74
02.01.2003;52,3
03.01.2003;53,59
06.01.2003;54,02
07.01.2003;54,92
08.01.2003;55,37
09.01.2003;54,72
10.01.2003;55,1
13.01.2003;56,52
14.01.2003;56,33
15.01.2003;57
16.01.2003;56,32
17.01.2003;52,94
21.01.2003;51,87
22.01.2003;51,59
23.01.2003;51,95
24.01.2003;52,03
27.01.2003;49,32
28.01.2003;49,69
29.01.2003;48,73
30.01.2003;50,16
31.01.2003;47,45
03.02.2003;47,93
04.02.2003;47,8
05.02.2003;47,83
06.02.2003;46,86
07.02.2003;47,88
10.02.2003;46,8
11.02.2003;47,3
12.02.2003;46,55
13.02.2003;46,41
14.02.2003;47,25
18.02.2003;24,62
19.02.2003;24,82
20.02.2003;24,77
21.02.2003;24,29
24.02.2003;24,44
25.02.2003;23,54
26.02.2003;24,07
27.02.2003;23,9
28.02.2003;23,74
03.03.2003;24,02
04.03.2003;23,58
05.03.2003;23,07
06.03.2003;23,17
07.03.2003;22,95
10.03.2003;23,31
11.03.2003;23,06
12.03.2003;22,81
13.03.2003;23,72
14.03.2003;24,68
17.03.2003;24,52
18.03.2003;25,89
19.03.2003;25,98
20.03.2003;26,02
21.03.2003;26,75
24.03.2003;25,55
25.03.2003;25,6
26.03.2003;25,46
27.03.2003;24,94
28.03.2003;24,67
31.03.2003;24,25
01.04.2003;24,46
02.04.2003;25,1
03.04.2003;25,99
04.04.2003;25,76
07.04.2003;26,23
08.04.2003;25,31
09.04.2003;25,61
10.04.2003;24,71
11.04.2003;24,89
14.04.2003;24,27
15.04.2003;24,68
16.04.2003;25,6
17.04.2003;24,77
21.04.2003;25,61
22.04.2003;25,06
23.04.2003;25,75
24.04.2003;25,48
25.04.2003;25,33
28.04.2003;25,39
29.04.2003;25,95
30.04.2003;25,73
01.05.2003;25,54
02.05.2003;25,65
05.05.2003;26,25
06.05.2003;25,86
07.05.2003;26,11
08.05.2003;25,75
09.05.2003;25,9
12.05.2003;26,15
13.05.2003;26,04
14.05.2003;26,08
15.05.2003;25,85
16.05.2003;25,88
19.05.2003;25,4
20.05.2003;24,86
21.05.2003;24,63
22.05.2003;24,2
23.05.2003;24,2
27.05.2003;24,25
28.05.2003;24,78
29.05.2003;24,47
30.05.2003;24,73
02.06.2003;24,98
03.06.2003;24,75
04.06.2003;24,99
05.06.2003;24,47
06.06.2003;24,44
09.06.2003;23,72
10.06.2003;23,94
11.06.2003;24,67
12.06.2003;24,97
13.06.2003;25,2
16.06.2003;24,8
17.06.2003;25,64
18.06.2003;25,98
19.06.2003;26,09
20.06.2003;26,34
23.06.2003;26,14
24.06.2003;25,65
25.06.2003;25,64
26.06.2003;25,39
27.06.2003;25,95
30.06.2003;25,94
01.07.2003;25,59
02.07.2003;26,5
03.07.2003;26,69
07.07.2003;27,02
08.07.2003;27,26
09.07.2003;27,56
10.07.2003;27,25
11.07.2003;26,95
14.07.2003;27,63
15.07.2003;27,47
16.07.2003;27,56
17.07.2003;27,14
18.07.2003;27,11
21.07.2003;26,87
22.07.2003;26,28
23.07.2003;26,42
24.07.2003;26,78
25.07.2003;26,28
28.07.2003;26,94
29.07.2003;26,88
30.07.2003;26,46
31.07.2003;26,6
01.08.2003;26,33
04.08.2003;26,15
05.08.2003;26,31
06.08.2003;25,54
07.08.2003;25,72
08.08.2003;25,88
11.08.2003;25,61
12.08.2003;25,71
13.08.2003;25,79
14.08.2003;25,66
15.08.2003;25,61
18.08.2003;25,56
19.08.2003;25,85
20.08.2003;26,3
21.08.2003;26,65
22.08.2003;26,78
25.08.2003;26,31
26.08.2003;26,31
27.08.2003;26,51
28.08.2003;26,5
29.08.2003;26,46
02.09.2003;26,7
03.09.2003;27,42
04.09.2003;28,1
05.09.2003;28,23
08.09.2003;28,39
09.09.2003;28,65
10.09.2003;28,03
11.09.2003;27,66
12.09.2003;27,48
15.09.2003;28,37
16.09.2003;28,41
17.09.2003;28,76
18.09.2003;28,49
19.09.2003;29,76
22.09.2003;29,39
23.09.2003;29,12
24.09.2003;29,61
25.09.2003;28,47
26.09.2003;28,27
29.09.2003;28,41
30.09.2003;28,59
01.10.2003;28,03
02.10.2003;28,45
03.10.2003;29,16
06.10.2003;29,15
07.10.2003;29,01
08.10.2003;29,36
09.10.2003;29,22
10.10.2003;28,91
13.10.2003;28,98
14.10.2003;28,66
15.10.2003;29,2
16.10.2003;28,91
17.10.2003;29,28
20.10.2003;28,95
21.10.2003;29,35
22.10.2003;29,03
23.10.2003;28,72
24.10.2003;27,27
27.10.2003;26,91
28.10.2003;27,09
29.10.2003;27,16
30.10.2003;27,01
31.10.2003;26,37
03.11.2003;26,35
04.11.2003;26,59
05.11.2003;26,15
06.11.2003;26,26
07.11.2003;26,38
10.11.2003;26,12
11.11.2003;26,01
12.11.2003;25,85
13.11.2003;25,86
14.11.2003;25,7
17.11.2003;25,39
18.11.2003;25,33
19.11.2003;25,29
20.11.2003;25,17
21.11.2003;25,33
24.11.2003;25,33
25.11.2003;25,87
26.11.2003;25,61
28.11.2003;25,5
01.12.2003;25,9
02.12.2003;25,95
03.12.2003;25,82
04.12.2003;25,72
05.12.2003;25,96
08.12.2003;26,12
09.12.2003;26,44
10.12.2003;26,45
11.12.2003;26,59
12.12.2003;26,69
15.12.2003;27,05
16.12.2003;26,83
17.12.2003;27,04
18.12.2003;27,1
19.12.2003;27,49
22.12.2003;27,16
23.12.2003;27,17
24.12.2003;27,14
26.12.2003;27,05
29.12.2003;27,21
30.12.2003;27,41
31.12.2003;27,42
02.01.2004;27,58
05.01.2004;27,73
06.01.2004;28,19
07.01.2004;28,17
08.01.2004;28,39
09.01.2004;28,03
12.01.2004;27,67
13.01.2004;27,54
14.01.2004;27,51
15.01.2004;27,55
16.01.2004;27,74
20.01.2004;27,99
21.01.2004;28,13
22.01.2004;28,37
23.01.2004;28,27
26.01.2004;28,49
27.01.2004;28,6
28.01.2004;28,28
29.01.2004;27,78
30.01.2004;27,85
02.02.2004;27,63
03.02.2004;27,42
04.02.2004;27,15
05.02.2004;27,06
06.02.2004;27
09.02.2004;27,18
10.02.2004;26,86
11.02.2004;26,95
12.02.2004;27,09
13.02.2004;26,98
17.02.2004;26,7
18.02.2004;26,92
19.02.2004;26,9
20.02.2004;26,65
23.02.2004;26,75
24.02.2004;26,6
25.02.2004;26,89
26.02.2004;26,63
27.02.2004;26,48
01.03.2004;26,65
02.03.2004;26,63
03.03.2004;26,35
04.03.2004;26,37
05.03.2004;26,23
08.03.2004;26,31
09.03.2004;25,77
10.03.2004;25,66
11.03.2004;25,2
12.03.2004;25,38
15.03.2004;25,33
16.03.2004;25,27
17.03.2004;25,25
18.03.2004;24,96
19.03.2004;24,84
22.03.2004;24,53
23.03.2004;24,63
24.03.2004;24,36
25.03.2004;24,6
26.03.2004;25,11
29.03.2004;25,24
30.03.2004;25,19
31.03.2004;25,19
01.04.2004;24,95
02.04.2004;25,47
05.04.2004;25,8
06.04.2004;25,76
07.04.2004;25,73
08.04.2004;25,8
12.04.2004;25,48
13.04.2004;25,679
14.04.2004;25,4
15.04.2004;25,58
16.04.2004;25,32
19.04.2004;25,08
20.04.2004;25,65
21.04.2004;25,37
22.04.2004;25,509
23.04.2004;27,4
26.04.2004;27,46
27.04.2004;27,15
28.04.2004;27,05
29.04.2004;26,51
30.04.2004;26,59
03.05.2004;26,21
04.05.2004;26,355
05.05.2004;26,32
06.05.2004;26,16
07.05.2004;26,031
10.05.2004;25,64
11.05.2004;26,1
12.05.2004;25,87
13.05.2004;25,82
14.05.2004;25,98
17.05.2004;25,48
18.05.2004;25,7
19.05.2004;26,04
20.05.2004;25,749
21.05.2004;25,94
24.05.2004;26,04
25.05.2004;25,7
26.05.2004;25,989
27.05.2004;26,15
28.05.2004;26,16
01.06.2004;26,12
02.06.2004;26,13
03.06.2004;26,05
04.06.2004;26,04
07.06.2004;26,02
08.06.2004;26,29
09.06.2004;26,41
10.06.2004;26,38
14.06.2004;26,56
15.06.2004;26,98
16.06.2004;27,34
17.06.2004;27,31
18.06.2004;27,74
21.06.2004;28,23
22.06.2004;28,15
23.06.2004;28
24.06.2004;28,49
25.06.2004;28,47
28.06.2004;28,63
29.06.2004;28,19
30.06.2004;28,56
01.07.2004;28,69
02.07.2004;28,609
06.07.2004;28,32
07.07.2004;27,701
08.07.2004;27,88
09.07.2004;27,78
12.07.2004;27,69
13.07.2004;27,91
14.07.2004;27,4
15.07.2004;28,049
16.07.2004;28,159
19.07.2004;27,62
20.07.2004;28,01
21.07.2004;29,53
22.07.2004;29,059
23.07.2004;28,39
26.07.2004;28,37
27.07.2004;28,71
28.07.2004;28,35
29.07.2004;28,78
30.07.2004;28,44
02.08.2004;28,27
03.08.2004;28,37
04.08.2004;28,001
05.08.2004;28,14
06.08.2004;27,4
09.08.2004;27,25
10.08.2004;27,3
11.08.2004;27,38
12.08.2004;27,24
13.08.2004;27,02
16.08.2004;27,08
17.08.2004;27,22
18.08.2004;26,9
19.08.2004;27,34
20.08.2004;27,12
23.08.2004;27,27
24.08.2004;27,39
25.08.2004;27,21
26.08.2004;27,46
27.08.2004;27,49
30.08.2004;27,3
31.08.2004;27,29
01.09.2004;27,24
02.09.2004;27,38
03.09.2004;27,45
07.09.2004;27,29
08.09.2004;27,31
09.09.2004;27,3
10.09.2004;27,33
13.09.2004;27,54
14.09.2004;27,36
15.09.2004;27,37
16.09.2004;27,22
17.09.2004;27,39
20.09.2004;27,43
21.09.2004;27,46
22.09.2004;27,23
23.09.2004;27,19
24.09.2004;27,39
27.09.2004;27,18
28.09.2004;27,21
29.09.2004;27,27
30.09.2004;27,589
01.10.2004;27,81
04.10.2004;28,42
05.10.2004;28,15
06.10.2004;28,39
07.10.2004;28,51
08.10.2004;28,11
11.10.2004;28,2
12.10.2004;27,83
13.10.2004;28,19
14.10.2004;28,059
15.10.2004;27,97
18.10.2004;28,06
19.10.2004;28,54
20.10.2004;28,22
21.10.2004;28,82
22.10.2004;28,3
25.10.2004;27,68
26.10.2004;27,7
27.10.2004;27,87
28.10.2004;28,12
29.10.2004;28,11
01.11.2004;28,15
02.11.2004;28,24
03.11.2004;28,65
04.11.2004;28,39
05.11.2004;29,16
08.11.2004;29,19
09.11.2004;29,43
10.11.2004;29,91
11.11.2004;29,885
12.11.2004;30,16
15.11.2004;27,35
16.11.2004;27,32
17.11.2004;27,25
18.11.2004;27,13
19.11.2004;27,04
22.11.2004;26,76
23.11.2004;26,52
24.11.2004;26,62
26.11.2004;26,57
29.11.2004;26,635
30.11.2004;26,76
01.12.2004;26,95
02.12.2004;27,27
03.12.2004;27,16
06.12.2004;27,1
07.12.2004;27,26
08.12.2004;27,01
09.12.2004;27,12
10.12.2004;27,08
13.12.2004;27,1
14.12.2004;27,05
15.12.2004;27,22
16.12.2004;27,145
17.12.2004;27
20.12.2004;27,02
21.12.2004;27
22.12.2004;26,83
23.12.2004;26,86
27.12.2004;27,02
28.12.2004;26,84
29.12.2004;26,85
30.12.2004;26,89
31.12.2004;26,75
03.01.2005;26,8
04.01.2005;26,86
05.01.2005;26,84
06.01.2005;26,86
07.01.2005;26,83
10.01.2005;26,6
11.01.2005;26,69
12.01.2005;26,77
13.01.2005;26,69
14.01.2005;26,4
18.01.2005;26,03
19.01.2005;26,2
20.01.2005;25,835
21.01.2005;25,94
24.01.2005;25,77
25.01.2005;25,76
26.01.2005;26,08
27.01.2005;25,95
28.01.2005;26,54
31.01.2005;26,35
01.02.2005;26,25
02.02.2005;26,42
03.02.2005;26,37
04.02.2005;26,18
07.02.2005;26,27
08.02.2005;26,19
09.02.2005;26,25
10.02.2005;26,1
11.02.2005;26,03
14.02.2005;26,0118
15.02.2005;26
16.02.2005;25,87
17.02.2005;25,71
18.02.2005;25,64
22.02.2005;25,24
23.02.2005;25,24
24.02.2005;25,18
25.02.2005;25,35
28.02.2005;25,22
01.03.2005;25,2
02.03.2005;25,19
03.03.2005;25,3
04.03.2005;25,21
07.03.2005;25,17
08.03.2005;25,4
09.03.2005;25,39
10.03.2005;25,43
11.03.2005;25,45
14.03.2005;25,08
15.03.2005;25,1
16.03.2005;24,82
17.03.2005;24,64
18.03.2005;24,53
21.03.2005;24,35
22.03.2005;24,19
23.03.2005;23,99
24.03.2005;24,26
28.03.2005;24,4
29.03.2005;24,14
30.03.2005;24,03
31.03.2005;24,25
01.04.2005;24,24
04.04.2005;24,11
05.04.2005;24,22
06.04.2005;24,47
07.04.2005;24,66
08.04.2005;25,07
11.04.2005;25,03
12.04.2005;24,92
13.04.2005;25,23
14.04.2005;25,01
15.04.2005;24,58
18.04.2005;24,45
19.04.2005;24,71
20.04.2005;24,66
21.04.2005;24,48
22.04.2005;25,05
25.04.2005;25,07
26.04.2005;24,95
27.04.2005;24,64
28.04.2005;24,82
29.04.2005;24,88
02.05.2005;25,23
03.05.2005;25,13
04.05.2005;25,32
05.05.2005;25,2
06.05.2005;25,33
09.05.2005;25,23
10.05.2005;25,04
11.05.2005;24,89
12.05.2005;24,84
13.05.2005;25,03
16.05.2005;25,23
17.05.2005;25,31
18.05.2005;25,5
19.05.2005;25,75
20.05.2005;25,88
23.05.2005;25,75
24.05.2005;25,8
25.05.2005;25,68
26.05.2005;25,75
27.05.2005;25,83
31.05.2005;25,97
01.06.2005;25,73
02.06.2005;25,72
03.06.2005;25,7
06.06.2005;25,38
07.06.2005;25,33
08.06.2005;25,55
09.06.2005;25,4
10.06.2005;25,49
13.06.2005;25,36
14.06.2005;25,31
15.06.2005;25,4
16.06.2005;25,22
17.06.2005;25,27
20.06.2005;24,98
21.06.2005;25,08
22.06.2005;25,11
23.06.2005;25,17
24.06.2005;25,22
27.06.2005;25,07
28.06.2005;25,09
29.06.2005;25,22
30.06.2005;25,06
01.07.2005;24,85
05.07.2005;24,66
06.07.2005;24,97
07.07.2005;24,58
08.07.2005;24,64
11.07.2005;25,15
12.07.2005;25,24
13.07.2005;25,53
14.07.2005;25,79
15.07.2005;26,04
18.07.2005;25,71
19.07.2005;25,79
20.07.2005;26
21.07.2005;26,3
22.07.2005;25,99
25.07.2005;25,69
26.07.2005;25,72
27.07.2005;25,61
28.07.2005;25,75
29.07.2005;25,78
01.08.2005;25,82
02.08.2005;25,9
03.08.2005;26,76
04.08.2005;27,15
05.08.2005;27,29
08.08.2005;27,8
09.08.2005;27,23
10.08.2005;27,41
11.08.2005;26,98
12.08.2005;27,08
15.08.2005;26,98
16.08.2005;27,03
17.08.2005;26,82
18.08.2005;26,89
19.08.2005;26,85
22.08.2005;26,79
23.08.2005;26,84
24.08.2005;26,84
25.08.2005;26,9
26.08.2005;27,04
29.08.2005;26,82
30.08.2005;27,06
31.08.2005;27,18
01.09.2005;27,38
02.09.2005;27,21
06.09.2005;27,06
07.09.2005;26,94
08.09.2005;26,8
09.09.2005;26,62
12.09.2005;26,58
13.09.2005;26,54
14.09.2005;26,52
15.09.2005;26,37
16.09.2005;26,34
19.09.2005;26,09
20.09.2005;26,07
21.09.2005;25,8
22.09.2005;25,49
23.09.2005;25,31
26.09.2005;25,4
27.09.2005;25,37
28.09.2005;25,39
29.09.2005;25,61
30.09.2005;25,91
03.10.2005;25,71
04.10.2005;25,36
05.10.2005;25,04
06.10.2005;24,66
07.10.2005;24,77
10.10.2005;24,67
11.10.2005;24,51
12.10.2005;24,49
13.10.2005;24,31
14.10.2005;24,71
17.10.2005;24,68
18.10.2005;24,47
19.10.2005;24,56
20.10.2005;25,05
21.10.2005;24,93
24.10.2005;24,89
25.10.2005;24,95
26.10.2005;24,97
27.10.2005;25,22
28.10.2005;25,1
31.10.2005;25,61
01.11.2005;25,61
02.11.2005;25,93
03.11.2005;26,6
04.11.2005;26,53
07.11.2005;26,72
08.11.2005;26,935
09.11.2005;26,98
10.11.2005;26,94
11.11.2005;27,15
14.11.2005;27,36
15.11.2005;27,33
16.11.2005;27,48
17.11.2005;27,85
18.11.2005;28,2
21.11.2005;28,07
22.11.2005;28,06
23.11.2005;27,91
25.11.2005;27,8
28.11.2005;27,79
29.11.2005;27,77
30.11.2005;27,68
01.12.2005;27,73
02.12.2005;27,82
05.12.2005;27,93
06.12.2005;27,9
07.12.2005;27,67
08.12.2005;27,71
09.12.2005;27,71
12.12.2005;27,7
13.12.2005;27,29
14.12.2005;27
15.12.2005;27,08
16.12.2005;26,88
19.12.2005;26,82
20.12.2005;26,76
21.12.2005;26,87
22.12.2005;26,71
23.12.2005;26,52
27.12.2005;26,68
28.12.2005;26,51
29.12.2005;26,41
30.12.2005;26,15
03.01.2006;26,25
04.01.2006;26,77
05.01.2006;26,93
06.01.2006;26,88
09.01.2006;26,93
10.01.2006;26,65
11.01.2006;27,01
12.01.2006;27,25
13.01.2006;27,03
17.01.2006;26,9
18.01.2006;26,74
19.01.2006;26,87
20.01.2006;27,01
23.01.2006;26,41
24.01.2006;26,34
25.01.2006;26,41
26.01.2006;26,56
27.01.2006;27,23
30.01.2006;27,79
31.01.2006;27,9
01.02.2006;27,95
02.02.2006;27,91
03.02.2006;27,47
06.02.2006;27,5
07.02.2006;26,95
08.02.2006;27,08
09.02.2006;26,95
10.02.2006;26,63
13.02.2006;26,61
14.02.2006;26,44
15.02.2006;26,63
16.02.2006;26,84
17.02.2006;26,73
21.02.2006;26,66
22.02.2006;26,53
23.02.2006;26,7
24.02.2006;26,59
27.02.2006;26,75
28.02.2006;26,94
01.03.2006;26,99
02.03.2006;26,99
03.03.2006;26,8
06.03.2006;26,92
07.03.2006;26,87
08.03.2006;26,97
09.03.2006;27,21
10.03.2006;27,06
13.03.2006;26,979
14.03.2006;27
15.03.2006;27,18
16.03.2006;27,28
17.03.2006;27,38
20.03.2006;27,69
21.03.2006;27,95
22.03.2006;27,08
23.03.2006;27,08
24.03.2006;26,72
27.03.2006;27,02
28.03.2006;27
29.03.2006;26,95
30.03.2006;27,01
31.03.2006;27,34
03.04.2006;27,67
04.04.2006;27,6
05.04.2006;27,85
06.04.2006;27,66
07.04.2006;27,58
10.04.2006;27,2
11.04.2006;27,23
12.04.2006;27,08
13.04.2006;27,07
17.04.2006;27,01
18.04.2006;26,9
19.04.2006;27,08
20.04.2006;27,04
21.04.2006;27,17
24.04.2006;27,06
25.04.2006;27,09
26.04.2006;27,07
27.04.2006;26,98
28.04.2006;24,26
01.05.2006;24,33
02.05.2006;24,5
03.05.2006;24
04.05.2006;23,35
05.05.2006;23,66
08.05.2006;23,85
09.05.2006;23,75
10.05.2006;23,67
11.05.2006;23,71
12.05.2006;23,15
15.05.2006;23,1
16.05.2006;23,16
17.05.2006;22,89
18.05.2006;22,84
19.05.2006;22,79
22.05.2006;22,48
23.05.2006;23,105
24.05.2006;22,99
25.05.2006;23,57
26.05.2006;23,77
30.05.2006;23,55
31.05.2006;23,26
01.06.2006;22,74
02.06.2006;22,87
05.06.2006;22,72
06.06.2006;22,55
07.06.2006;22,15
08.06.2006;22,03
09.06.2006;22,15
12.06.2006;21,95
13.06.2006;21,73
14.06.2006;21,59
15.06.2006;22,01
16.06.2006;21,97
19.06.2006;22,14
20.06.2006;22,54
21.06.2006;22,61
22.06.2006;23,06
23.06.2006;22,85
26.06.2006;22,65
27.06.2006;22,89
28.06.2006;22,96
29.06.2006;23,32
30.06.2006;23,54
03.07.2006;23,53
05.07.2006;23,48
06.07.2006;23,45
07.07.2006;23,39
10.07.2006;23,43
11.07.2006;23,37
12.07.2006;22,79
13.07.2006;22,37
14.07.2006;22,28
17.07.2006;22,29
18.07.2006;22,59
19.07.2006;22,82
20.07.2006;23,435
21.07.2006;24,08
24.07.2006;24,01
25.07.2006;24
26.07.2006;24,12
27.07.2006;24,58
28.07.2006;24,08
31.07.2006;24,07
01.08.2006;24,02
02.08.2006;24,12
03.08.2006;24,185
04.08.2006;24,4
07.08.2006;24,28
08.08.2006;24,39
09.08.2006;24,49
10.08.2006;24,37
11.08.2006;24,37
14.08.2006;24,52
15.08.2006;24,55
16.08.2006;24,61
17.08.2006;24,7
18.08.2006;25,05
21.08.2006;25,66
22.08.2006;26,01
23.08.2006;25,645
24.08.2006;25,82
25.08.2006;25,71
28.08.2006;25,84
29.08.2006;25,92
30.08.2006;25,85
31.08.2006;25,87
01.09.2006;25,89
05.09.2006;25,69
06.09.2006;25,51
07.09.2006;25,48
08.09.2006;25,53
11.09.2006;25,43
12.09.2006;25,9
13.09.2006;25,82
14.09.2006;25,99
15.09.2006;26,58
18.09.2006;26,74
19.09.2006;26,74
20.09.2006;27,01
21.09.2006;27,24
22.09.2006;26,83
25.09.2006;26,81
26.09.2006;26,91
27.09.2006;27,18
28.09.2006;27,47
29.09.2006;27,35
02.10.2006;27,32
03.10.2006;27,37
04.10.2006;27,39
05.10.2006;27,92
06.10.2006;27,76
09.10.2006;27,8
10.10.2006;27,69
11.10.2006;27,46
12.10.2006;27,58
13.10.2006;28,34
16.10.2006;28,48
17.10.2006;28,24
18.10.2006;28,5
19.10.2006;28,35
20.10.2006;28,48
23.10.2006;28,3
24.10.2006;28,43
25.10.2006;28,28
26.10.2006;28,33
27.10.2006;28,49
30.10.2006;28,35
31.10.2006;28,66
01.11.2006;28,78
02.11.2006;28,71
03.11.2006;28,85
06.11.2006;28,77
07.11.2006;28,86
08.11.2006;28,78
09.11.2006;29,11
10.11.2006;29,17
13.11.2006;29,19
14.11.2006;29,28
15.11.2006;29,125
16.11.2006;29,135
17.11.2006;29,31
20.11.2006;29,52
21.11.2006;29,91
22.11.2006;29,97
24.11.2006;29,66
27.11.2006;29,69
28.11.2006;29,34
29.11.2006;29,44
30.11.2006;29,42
01.12.2006;29,23
04.12.2006;29,23
05.12.2006;29,36
06.12.2006;29,095
07.12.2006;28,96
08.12.2006;28,82
11.12.2006;29,19
12.12.2006;29,56
13.12.2006;29,6
14.12.2006;29,535
15.12.2006;30,14
18.12.2006;30,19
19.12.2006;29,71
20.12.2006;29,99
21.12.2006;30,13
22.12.2006;29,825
26.12.2006;29,53
27.12.2006;29,99
28.12.2006;29,86
29.12.2006;29,86
03.01.2007;29,91
04.01.2007;29,7
05.01.2007;29,63
08.01.2007;29,65
09.01.2007;30
10.01.2007;29,8
11.01.2007;29,76
12.01.2007;30,65
16.01.2007;31,26
17.01.2007;31,26
18.01.2007;31,15
19.01.2007;30,73
22.01.2007;31,06
23.01.2007;30,63
24.01.2007;30,78
25.01.2007;31,08
26.01.2007;31,22
29.01.2007;30,65
30.01.2007;30,57
31.01.2007;30,41
01.02.2007;30,84
02.02.2007;30,82
05.02.2007;29,97
06.02.2007;29,59
07.02.2007;29,64
08.02.2007;29,24
09.02.2007;29,35
12.02.2007;28,89
13.02.2007;29,04
14.02.2007;29,17
15.02.2007;29,58
16.02.2007;28,905
20.02.2007;28,63
21.02.2007;28,75
22.02.2007;29,305
23.02.2007;29,22
26.02.2007;28,96
27.02.2007;28,71
28.02.2007;27,95
01.03.2007;27,82
02.03.2007;28,02
05.03.2007;27,49
06.03.2007;27,8
07.03.2007;27,76
08.03.2007;27,72
09.03.2007;27,42
12.03.2007;27,18
13.03.2007;27,25
14.03.2007;26,82
15.03.2007;27,32
16.03.2007;27,35
19.03.2007;27,34
20.03.2007;27,93
21.03.2007;27,895
22.03.2007;28,52
23.03.2007;28,22
26.03.2007;27,94
27.03.2007;28,04
28.03.2007;27,58
29.03.2007;27,84
30.03.2007;27,75
02.04.2007;27,89
03.04.2007;27,86
04.04.2007;28,01
05.04.2007;28,32
09.04.2007;28,575
10.04.2007;28,5
11.04.2007;28,3
12.04.2007;28,06
13.04.2007;28,43
16.04.2007;28,6
17.04.2007;28,63
18.04.2007;28,61
19.04.2007;28,34
20.04.2007;28,98
23.04.2007;28,96
24.04.2007;28,79
25.04.2007;28,86
26.04.2007;29,09
27.04.2007;30,17
30.04.2007;30,13
01.05.2007;29,94
02.05.2007;30,39
03.05.2007;30,6
04.05.2007;30,68
07.05.2007;30,52
08.05.2007;30,68
09.05.2007;30,7
10.05.2007;30,68
11.05.2007;30,57
14.05.2007;30,84
15.05.2007;30,9
16.05.2007;31
17.05.2007;31,03
18.05.2007;30,97
21.05.2007;30,73
22.05.2007;30,9
23.05.2007;30,84
24.05.2007;30,54
25.05.2007;30,28
29.05.2007;30,49
30.05.2007;30,55
31.05.2007;31,12
01.06.2007;30,79
04.06.2007;30,42
05.06.2007;30,62
06.06.2007;30,37
07.06.2007;30,02
08.06.2007;29,58
11.06.2007;29,94
12.06.2007;29,96
13.06.2007;29,97
14.06.2007;30,35
15.06.2007;30,86
18.06.2007;30,69
19.06.2007;30,48
20.06.2007;30,44
21.06.2007;29,975
22.06.2007;30
25.06.2007;29,47
26.06.2007;29,55
27.06.2007;29,36
28.06.2007;29,86
29.06.2007;29,87
02.07.2007;29,67
03.07.2007;29,785
05.07.2007;30,05
06.07.2007;29,91
09.07.2007;29,86
10.07.2007;29,7
11.07.2007;29,24
12.07.2007;29,56
13.07.2007;29,94
16.07.2007;29,76
17.07.2007;30,02
18.07.2007;30,51
19.07.2007;31,05
20.07.2007;31,15
23.07.2007;31,36
24.07.2007;31,01
25.07.2007;30,99
26.07.2007;30,24
27.07.2007;29,93
30.07.2007;29,405
31.07.2007;29,71
01.08.2007;28,97
02.08.2007;29,19
03.08.2007;29,45
06.08.2007;29,075
07.08.2007;29,33
08.08.2007;29,72
09.08.2007;29,64
10.08.2007;28,9
13.08.2007;28,94
14.08.2007;28,77
15.08.2007;28,14
16.08.2007;27,88
17.08.2007;28,09
20.08.2007;28,18
21.08.2007;28,1
22.08.2007;28,27
23.08.2007;28,3
24.08.2007;28,21
27.08.2007;28,61
28.08.2007;28,28
29.08.2007;28,08
30.08.2007;28,42
31.08.2007;28,7
04.09.2007;28,5
05.09.2007;28,65
06.09.2007;28,6
07.09.2007;28,62
10.09.2007;28,67
11.09.2007;28,63
12.09.2007;28,81
13.09.2007;29,06
14.09.2007;28,93
17.09.2007;28,79
18.09.2007;28,7
19.09.2007;28,87
20.09.2007;28,48
21.09.2007;28,7
24.09.2007;28,81
25.09.2007;29,14
26.09.2007;29,68
27.09.2007;29,67
28.09.2007;29,49
01.10.2007;29,46
02.10.2007;29,7
03.10.2007;29,71
04.10.2007;29,57
05.10.2007;29,9
08.10.2007;29,66
09.10.2007;30,03
10.10.2007;30,0409
11.10.2007;30,305
12.10.2007;30,03
15.10.2007;30,09
16.10.2007;30,24
17.10.2007;30,75
18.10.2007;31,22
19.10.2007;31,09
22.10.2007;30,12
23.10.2007;30,75
24.10.2007;30,85
25.10.2007;31,57
26.10.2007;36,01
29.10.2007;34,85
30.10.2007;34,37
31.10.2007;35,52
01.11.2007;36,53
02.11.2007;37,22
05.11.2007;36,76
06.11.2007;36,59
07.11.2007;36,04
08.11.2007;35,6
09.11.2007;34,18
12.11.2007;33,32
13.11.2007;33,54
14.11.2007;34,62
15.11.2007;33,76
16.11.2007;33,86
19.11.2007;33,96
20.11.2007;34,23
21.11.2007;34,4
23.11.2007;34,36
26.11.2007;34,09
27.11.2007;33,27
28.11.2007;33,38
29.11.2007;33,58
30.11.2007;33,92
03.12.2007;33,5
04.12.2007;32,74
05.12.2007;33,14
06.12.2007;34,26
07.12.2007;34,61
10.12.2007;34,64
11.12.2007;34,73
12.12.2007;34,61
13.12.2007;34,48
14.12.2007;35,05
17.12.2007;35,03
18.12.2007;34,64
19.12.2007;34,69
20.12.2007;35,29
21.12.2007;35,9
24.12.2007;36,13
26.12.2007;36,41
27.12.2007;36,35
28.12.2007;36,1
31.12.2007;35,9
02.01.2008;35,79
03.01.2008;35,22
04.01.2008;35,19
07.01.2008;34,55
08.01.2008;34,71
09.01.2008;33,36
10.01.2008;34,35
11.01.2008;34,14
14.01.2008;34,46
15.01.2008;34,03
16.01.2008;33,42
17.01.2008;33,54
18.01.2008;33,16
22.01.2008;31,54
23.01.2008;31,48
24.01.2008;32,35
25.01.2008;34,9
28.01.2008;33,02
29.01.2008;32,85
30.01.2008;32,56
31.01.2008;31,91
01.02.2008;31,06
04.02.2008;30,49
05.02.2008;29,91
06.02.2008;29,28
07.02.2008;28,34
08.02.2008;28,29
11.02.2008;28,52
12.02.2008;28,43
13.02.2008;28,62
14.02.2008;28,88
15.02.2008;28,31
19.02.2008;28,8
20.02.2008;28,15
21.02.2008;28,62
22.02.2008;28,24
25.02.2008;27,65
26.02.2008;27,74
27.02.2008;28,19
28.02.2008;28,02
29.02.2008;27,76
03.03.2008;27,24
04.03.2008;27,02
05.03.2008;27,75
06.03.2008;28,06
07.03.2008;27,34
10.03.2008;27,83
11.03.2008;28,4
12.03.2008;29,43
13.03.2008;28,54
14.03.2008;28,72
17.03.2008;27,3
18.03.2008;28,67
19.03.2008;29,295
20.03.2008;28,74
24.03.2008;29,33
25.03.2008;29,33
26.03.2008;29,03
27.03.2008;28,48
28.03.2008;28,23
31.03.2008;27,88
01.04.2008;28,83
02.04.2008;29,57
03.04.2008;29,06
04.04.2008;29,13
07.04.2008;29,55
08.04.2008;28,94
09.04.2008;28,8125
10.04.2008;28,83
11.04.2008;28,87
14.04.2008;28,24
15.04.2008;28,1
16.04.2008;28,53
17.04.2008;29,12
18.04.2008;29,99
21.04.2008;30,2
22.04.2008;30,63
23.04.2008;30,45
24.04.2008;31,63
25.04.2008;30,02
28.04.2008;29,8
29.04.2008;28,8
30.04.2008;28,75
01.05.2008;28,48
02.05.2008;29,55
05.05.2008;29,95
06.05.2008;29
07.05.2008;29,69
08.05.2008;29,26
09.05.2008;29,15
12.05.2008;29,35
13.05.2008;30,02
14.05.2008;29,95
15.05.2008;29,95
16.05.2008;30,48
19.05.2008;29,89
20.05.2008;29,28
21.05.2008;28,8
22.05.2008;28,28
23.05.2008;28,25
27.05.2008;28,05
28.05.2008;28,56
29.05.2008;28,16
30.05.2008;28,33
02.06.2008;28,24
03.06.2008;27,95
04.06.2008;27,25
05.06.2008;27,71
06.06.2008;27,98
09.06.2008;27,61
10.06.2008;27,35
11.06.2008;27,85
12.06.2008;27,4
13.06.2008;28,61
16.06.2008;29,01
17.06.2008;29
18.06.2008;28,56
19.06.2008;28,51
20.06.2008;28,31
23.06.2008;28,28
24.06.2008;27,9
25.06.2008;27,8
26.06.2008;27,95
27.06.2008;27,68
30.06.2008;27,65
01.07.2008;27,22
02.07.2008;26,88
03.07.2008;25,85
07.07.2008;26,1
08.07.2008;25,9
09.07.2008;25,75
10.07.2008;25,18
11.07.2008;25,11
14.07.2008;25,11
15.07.2008;24,93
16.07.2008;26,07
17.07.2008;27,58
18.07.2008;26,28
21.07.2008;25,67
22.07.2008;25,56
23.07.2008;25,92
24.07.2008;26,08
25.07.2008;25,66
28.07.2008;25,93
29.07.2008;25,52
30.07.2008;26,18
31.07.2008;25,85
01.08.2008;25,95
04.08.2008;25,36
05.08.2008;25,67
06.08.2008;26,73
07.08.2008;26,9
08.08.2008;27,35
11.08.2008;27,86
12.08.2008;27,78
13.08.2008;28,07
14.08.2008;27,82
15.08.2008;27,98
18.08.2008;27,78
19.08.2008;27,54
20.08.2008;27,535
21.08.2008;27,1
22.08.2008;27,23
25.08.2008;27,61
26.08.2008;27,58
27.08.2008;27,34
28.08.2008;27,61
29.08.2008;27,68
02.09.2008;27,665
03.09.2008;27,01
04.09.2008;26,695
05.09.2008;26,03
08.09.2008;26,21
09.09.2008;26,2
10.09.2008;26,52
11.09.2008;26,1
12.09.2008;27,14
15.09.2008;26,92
16.09.2008;26,09
17.09.2008;25,73
18.09.2008;24,8
19.09.2008;26,37
22.09.2008;26,22
23.09.2008;25,66
24.09.2008;25,58
25.09.2008;25,82
26.09.2008;26,17
29.09.2008;26,94
30.09.2008;25,77
01.10.2008;26,38
02.10.2008;26,18
03.10.2008;26,365
06.10.2008;25,63
07.10.2008;24,98
08.10.2008;22,9
09.10.2008;23,765
10.10.2008;21,79
13.10.2008;22,86
14.10.2008;25,64
15.10.2008;23,78
16.10.2008;22,935
17.10.2008;23,565
20.10.2008;24,2
21.10.2008;24,3
22.10.2008;23,04
23.10.2008;21,55
24.10.2008;21,06
27.10.2008;21,67
28.10.2008;21,64
29.10.2008;23,13
30.10.2008;23,69
31.10.2008;22,53
03.11.2008;22,48
04.11.2008;23,13
05.11.2008;23,33
06.11.2008;21,87
07.11.2008;21,32
10.11.2008;21,845
11.11.2008;21,29
12.11.2008;20,89
13.11.2008;20,15
14.11.2008;20,56
17.11.2008;19,74
18.11.2008;19,5
19.11.2008;19,63
20.11.2008;18,115
21.11.2008;18,02
24.11.2008;19,89
25.11.2008;20,86
26.11.2008;19,73
28.11.2008;20,23
01.12.2008;19,875
02.12.2008;18,99
03.12.2008;18,65
04.12.2008;19,4
05.12.2008;18,91
08.12.2008;20,35
09.12.2008;20,62
10.12.2008;20,82
11.12.2008;20,11
12.12.2008;19,15
15.12.2008;19,34
16.12.2008;19,21
17.12.2008;19,81
18.12.2008;19,86
19.12.2008;19,69
22.12.2008;19,24
23.12.2008;19,28
24.12.2008;19,26
26.12.2008;19,2
29.12.2008;19,15
30.12.2008;19,01
31.12.2008;19,31
02.01.2009;19,5328
05.01.2009;20,2
06.01.2009;20,75
07.01.2009;20,19
08.01.2009;19,63
09.01.2009;20,17
12.01.2009;19,71
13.01.2009;19,52
14.01.2009;19,53
15.01.2009;19,09
16.01.2009;19,63
20.01.2009;19,46
21.01.2009;18,86
22.01.2009;18,04
23.01.2009;16,98
26.01.2009;17,29
27.01.2009;17,79
28.01.2009;17,8
29.01.2009;17,78
30.01.2009;17,74
02.02.2009;17,01
03.02.2009;17,85
04.02.2009;18,54
05.02.2009;18,52
06.02.2009;19,1
09.02.2009;19,69
10.02.2009;19,25
11.02.2009;18,96
12.02.2009;18,97
13.02.2009;19,27
17.02.2009;18,49
18.02.2009;18,225
19.02.2009;18,3
20.02.2009;17,74
23.02.2009;18,02
24.02.2009;17,03
25.02.2009;17,02
26.02.2009;17,05
27.02.2009;16,29
02.03.2009;16,035
03.03.2009;16,01
04.03.2009;16,1
05.03.2009;15,86
06.03.2009;15,3599
09.03.2009;15,2
10.03.2009;15,37
11.03.2009;16,63
12.03.2009;17,01
13.03.2009;16,99
16.03.2009;16,78
17.03.2009;16,3229
18.03.2009;17,03
19.03.2009;17,37
20.03.2009;17,32
23.03.2009;17,37
24.03.2009;18,04
25.03.2009;17,98
26.03.2009;18,17
27.03.2009;18,5427
30.03.2009;17,74
31.03.2009;17,83
01.04.2009;18,23
02.04.2009;19,5
03.04.2009;19,13
06.04.2009;18,54
07.04.2009;18,76
08.04.2009;18,97
09.04.2009;19,45
13.04.2009;19,69
14.04.2009;19,44
15.04.2009;19,21
16.04.2009;19,16
17.04.2009;19,685
20.04.2009;18,89
21.04.2009;18,59
22.04.2009;18,76
23.04.2009;18,92
24.04.2009;19,82
27.04.2009;20,55
28.04.2009;20,25
29.04.2009;20,11
30.04.2009;20,6
01.05.2009;20,19
04.05.2009;20,37
05.05.2009;20,14
06.05.2009;20,06
07.05.2009;19,96
08.05.2009;19,46
11.05.2009;19,2
12.05.2009;19,51
13.05.2009;19,9225
14.05.2009;19,83
15.05.2009;20,13
18.05.2009;20,36
19.05.2009;20,51
20.05.2009;20,41
21.05.2009;20,14
22.05.2009;19,93
26.05.2009;19,54
27.05.2009;20,25
28.05.2009;20,32
29.05.2009;20,56
01.06.2009;21
02.06.2009;21,36
03.06.2009;21,31
04.06.2009;21,77
05.06.2009;21,96
08.06.2009;21,98
09.06.2009;22,06
10.06.2009;22,17
11.06.2009;22,59
12.06.2009;22,9
15.06.2009;23,23
16.06.2009;23,47
17.06.2009;23,5
18.06.2009;23,62
19.06.2009;24,04
22.06.2009;23,95
23.06.2009;23,38
24.06.2009;23,45
25.06.2009;23,43
26.06.2009;23,57
29.06.2009;23,6
30.06.2009;23,97
01.07.2009;24,05
02.07.2009;23,76
06.07.2009;23,21
07.07.2009;23,08
08.07.2009;22,31
09.07.2009;22,65
10.07.2009;22,19
13.07.2009;22,42
14.07.2009;23,2
15.07.2009;23,75
16.07.2009;23,93
17.07.2009;24,4
20.07.2009;24,44
21.07.2009;24,69
22.07.2009;24,64
23.07.2009;24,93
24.07.2009;23,61
27.07.2009;23,44
28.07.2009;22,99
29.07.2009;23,73
30.07.2009;24,2
31.07.2009;23,77
03.08.2009;23,82
04.08.2009;23,68
05.08.2009;23,84
06.08.2009;23,93
07.08.2009;23,75
10.08.2009;23,46
11.08.2009;23,32
12.08.2009;23,13
13.08.2009;23,63
14.08.2009;23,66
17.08.2009;23,32
18.08.2009;23,29
19.08.2009;23,25
20.08.2009;23,6
21.08.2009;23,93
24.08.2009;24,41
25.08.2009;24,6
26.08.2009;24,59
27.08.2009;24,41
28.08.2009;25,07
31.08.2009;24,57
01.09.2009;24,35
02.09.2009;23,82
03.09.2009;23,91
04.09.2009;24,09
08.09.2009;24,62
09.09.2009;24,74
10.09.2009;24,8
11.09.2009;24,93
14.09.2009;24,65
15.09.2009;24,97
16.09.2009;25,25
17.09.2009;25,06
18.09.2009;25,46
21.09.2009;25,11
22.09.2009;25,4
23.09.2009;25,92
24.09.2009;25,92
25.09.2009;25,69
28.09.2009;25,6
29.09.2009;25,91
30.09.2009;25,76
01.10.2009;25,405
02.10.2009;24,455
05.10.2009;24,98
06.10.2009;24,68
07.10.2009;24,99
08.10.2009;25,44
09.10.2009;25,57
12.10.2009;25,66
13.10.2009;25,59
14.10.2009;26,14
15.10.2009;25,9
16.10.2009;26,45
19.10.2009;26,49
20.10.2009;26,42
21.10.2009;26,46
22.10.2009;26,56
23.10.2009;29,2
26.10.2009;28,125
27.10.2009;28,73
28.10.2009;28,24
29.10.2009;28,07
30.10.2009;28,03
02.11.2009;27,7
03.11.2009;27,64
04.11.2009;27,69
05.11.2009;28,52
06.11.2009;28,38
09.11.2009;28,62
10.11.2009;28,9
11.11.2009;29,08
12.11.2009;29,01
13.11.2009;29,47
16.11.2009;29,61
17.11.2009;29,5
18.11.2009;30
19.11.2009;29,99
20.11.2009;29,66
23.11.2009;29,84
24.11.2009;29,95
25.11.2009;29,81
27.11.2009;29,11
30.11.2009;29,15
01.12.2009;29,52
02.12.2009;29,9
03.12.2009;29,84
04.12.2009;30,05
07.12.2009;29,78
08.12.2009;29,52
09.12.2009;29,47
10.12.2009;29,71
11.12.2009;29,97
14.12.2009;29,91
15.12.2009;29,89
16.12.2009;30,07
17.12.2009;29,95
18.12.2009;29,84
21.12.2009;30,4
22.12.2009;30,6
23.12.2009;30,71
24.12.2009;30,88
28.12.2009;31
29.12.2009;31,35
30.12.2009;31,15
31.12.2009;30,9799
04.01.2010;30,62
05.01.2010;30,85
06.01.2010;30,88
07.01.2010;30,63
08.01.2010;30,28
11.01.2010;30,71
12.01.2010;30,15
13.01.2010;30,26
14.01.2010;30,31
15.01.2010;31,08
19.01.2010;30,75
20.01.2010;30,81
21.01.2010;30,61
22.01.2010;30
25.01.2010;29,24
26.01.2010;29,2
27.01.2010;29,35
28.01.2010;29,84
29.01.2010;29,9
01.02.2010;28,39
02.02.2010;28,37
03.02.2010;28,26
04.02.2010;28,38
05.02.2010;28
08.02.2010;28,01
09.02.2010;27,97
10.02.2010;28,03
11.02.2010;27,93
12.02.2010;27,81
16.02.2010;28,13
17.02.2010;28,53
18.02.2010;28,59
19.02.2010;28,79
22.02.2010;28,84
23.02.2010;28,68
24.02.2010;28,52
25.02.2010;28,27
26.02.2010;28,65
01.03.2010;28,77
02.03.2010;29,08
03.03.2010;28,51
04.03.2010;28,46
05.03.2010;28,66
08.03.2010;28,52
09.03.2010;28,56
10.03.2010;28,86
11.03.2010;28,89
12.03.2010;29,32
15.03.2010;29,18
16.03.2010;29,42
17.03.2010;29,5
18.03.2010;29,6275
19.03.2010;29,76
22.03.2010;29,5
23.03.2010;29,59
24.03.2010;29,72
25.03.2010;29,86
26.03.2010;30,09
29.03.2010;29,71
30.03.2010;29,63
31.03.2010;29,64
01.04.2010;29,35
05.04.2010;29,13
06.04.2010;29,15
07.04.2010;29,16
08.04.2010;29,32
09.04.2010;29,95
12.04.2010;30,25
13.04.2010;30,15
14.04.2010;30,79
15.04.2010;30,82
16.04.2010;30,79
19.04.2010;30,77
20.04.2010;31,22
21.04.2010;31,33
22.04.2010;31,04
23.04.2010;31,12
26.04.2010;31
27.04.2010;30,95
28.04.2010;30,92
29.04.2010;30,93
30.04.2010;31,07
03.05.2010;30,67
04.05.2010;30,52
05.05.2010;29,77
06.05.2010;29,59
07.05.2010;28,93
10.05.2010;29,01
11.05.2010;28,68
12.05.2010;28,98
13.05.2010;29,26
14.05.2010;29,2
17.05.2010;29,12
18.05.2010;28,87
19.05.2010;28,52
20.05.2010;27,65
21.05.2010;26,63
24.05.2010;26,85
25.05.2010;25,65
26.05.2010;26,23
27.05.2010;25,73
28.05.2010;25,84
01.06.2010;25,53
02.06.2010;26,06
03.06.2010;26,55
04.06.2010;26,1
07.06.2010;25,82
08.06.2010;25,25
09.06.2010;25,22
10.06.2010;25,13
11.06.2010;25,04
14.06.2010;25,86
15.06.2010;25,75
16.06.2010;26,47
17.06.2010;26,56
18.06.2010;26,37
21.06.2010;26,78
22.06.2010;26,16
23.06.2010;25,78
24.06.2010;25,46
25.06.2010;25,05
28.06.2010;24,51
29.06.2010;24,13
30.06.2010;23,3
01.07.2010;23,09
02.07.2010;23,36
06.07.2010;23,7
07.07.2010;23,82
08.07.2010;24,6
09.07.2010;24,33
12.07.2010;24,43
13.07.2010;25,14
14.07.2010;25,5
15.07.2010;25,5
16.07.2010;25,51
19.07.2010;24,96
20.07.2010;24,86
21.07.2010;25,6
22.07.2010;25,51
23.07.2010;25,84
26.07.2010;25,86
27.07.2010;26,14
28.07.2010;26,07
29.07.2010;26,13
30.07.2010;25,75
02.08.2010;25,99
03.08.2010;26,2
04.08.2010;26,15
05.08.2010;25,49
06.08.2010;25,18
09.08.2010;25,55
10.08.2010;25,33
11.08.2010;24,68
12.08.2010;24,42
13.08.2010;24,35
16.08.2010;24,36
17.08.2010;24,71
18.08.2010;24,68
19.08.2010;24,62
20.08.2010;24,31
23.08.2010;24,44
24.08.2010;24,09
25.08.2010;24
26.08.2010;24,09
27.08.2010;23,88
30.08.2010;23,74
31.08.2010;23,6
01.09.2010;23,67
02.09.2010;23,88
03.09.2010;24,24
07.09.2010;24,1
08.09.2010;24,07
09.09.2010;24,19
10.09.2010;23,98
13.09.2010;24,2
14.09.2010;25,04
15.09.2010;25,1
16.09.2010;25,06
17.09.2010;25,4
20.09.2010;25,28
21.09.2010;25,42
22.09.2010;24,89
23.09.2010;24,51
24.09.2010;24,64
27.09.2010;24,84
28.09.2010;24,8
29.09.2010;24,63
30.09.2010;24,61
01.10.2010;24,49
04.10.2010;23,96
05.10.2010;23,91
06.10.2010;24,32
07.10.2010;24,62
08.10.2010;24,62
11.10.2010;24,74
12.10.2010;24,65
13.10.2010;25,02
14.10.2010;25,29
15.10.2010;25,36
18.10.2010;25,59
19.10.2010;25,27
20.10.2010;25,26
21.10.2010;25,45
22.10.2010;25,4
25.10.2010;25,24
26.10.2010;25,12
27.10.2010;25,79
28.10.2010;26,21
29.10.2010;27,15
01.11.2010;26,88
02.11.2010;27,06
03.11.2010;27,33
04.11.2010;27,41
05.11.2010;27,17
08.11.2010;26,68
09.11.2010;26,81
10.11.2010;27,01
11.11.2010;26,68
12.11.2010;26,47
15.11.2010;26,33
16.11.2010;26,04
17.11.2010;25,9
18.11.2010;25,71
19.11.2010;25,8
22.11.2010;25,65
23.11.2010;25,57
24.11.2010;25,2
26.11.2010;25,21
29.11.2010;25,19
30.11.2010;25,05
01.12.2010;25,57
02.12.2010;26,24
03.12.2010;26,81
06.12.2010;26,93
07.12.2010;27,08
08.12.2010;26,83
09.12.2010;27,28
10.12.2010;27,19
13.12.2010;27,27
14.12.2010;27,31
15.12.2010;27,53
16.12.2010;27,76
17.12.2010;27,92
20.12.2010;27,95
21.12.2010;27,85
22.12.2010;28,01
23.12.2010;27,97
27.12.2010;28,12
28.12.2010;27,97
29.12.2010;27,94
30.12.2010;27,92
31.12.2010;27,8
03.01.2011;28,05
04.01.2011;27,94
05.01.2011;27,9
06.01.2011;28,04
07.01.2011;28,64
10.01.2011;28,26
11.01.2011;28,2
12.01.2011;28,12
13.01.2011;28,33
14.01.2011;28,08
18.01.2011;28,16
19.01.2011;28,46
20.01.2011;28,5
21.01.2011;28,4
24.01.2011;28,02
25.01.2011;28,14
26.01.2011;28,51
27.01.2011;28,75
28.01.2011;28,895
31.01.2011;27,77
01.02.2011;27,8
02.02.2011;27,93
03.02.2011;27,965
04.02.2011;27,7
07.02.2011;27,8
08.02.2011;28,1
09.02.2011;28,19
10.02.2011;27,93
11.02.2011;27,76
14.02.2011;27,205
15.02.2011;27,04
16.02.2011;27,05
17.02.2011;26,97
18.02.2011;27,13
22.02.2011;26,78
23.02.2011;26,53
24.02.2011;26,64
25.02.2011;26,91
28.02.2011;26,69
01.03.2011;26,6
02.03.2011;26,11
03.03.2011;26,26
04.03.2011;26,22
07.03.2011;26,13
08.03.2011;25,77
09.03.2011;25,81
10.03.2011;25,62
11.03.2011;25,41
14.03.2011;25,49
15.03.2011;25,08
16.03.2011;25,22
17.03.2011;25,06
18.03.2011;25,06
21.03.2011;25,18
22.03.2011;25,3
23.03.2011;25,23
24.03.2011;25,6
25.03.2011;25,93
28.03.2011;25,66
29.03.2011;25,34
30.03.2011;25,6
31.03.2011;25,6
01.04.2011;25,53
04.04.2011;25,45
05.04.2011;25,82
06.04.2011;25,98
07.04.2011;26,1876
08.04.2011;26,17
11.04.2011;26,19
12.04.2011;25,83
13.04.2011;25,65
14.04.2011;25,42
15.04.2011;25,46
18.04.2011;25,1
19.04.2011;25
20.04.2011;25,54
21.04.2011;25,79
25.04.2011;25,56
26.04.2011;25,74
27.04.2011;26,3
28.04.2011;26,46
29.04.2011;26,55
02.05.2011;25,94
03.05.2011;25,6
04.05.2011;25,85
05.05.2011;26,05
06.05.2011;26,07
09.05.2011;25,8
10.05.2011;25,38
11.05.2011;25,65
12.05.2011;25,35
13.05.2011;25,28
16.05.2011;24,96
17.05.2011;24,395
18.05.2011;24,53
19.05.2011;24,85
20.05.2011;24,72
23.05.2011;24,21
24.05.2011;24,2
25.05.2011;24,17
26.05.2011;24,35
27.05.2011;24,68
31.05.2011;24,96
01.06.2011;24,99
02.06.2011;24,49
03.06.2011;24,05
06.06.2011;24,05
07.06.2011;24,09
08.06.2011;23,9
09.06.2011;24,01
10.06.2011;24,02
13.06.2011;23,79
14.06.2011;24,3
15.06.2011;24
16.06.2011;23,75
17.06.2011;24,22
20.06.2011;24,17
21.06.2011;24,52
22.06.2011;24,6
23.06.2011;24,44
24.06.2011;24,51
27.06.2011;24,23
28.06.2011;25,3
29.06.2011;25,71
30.06.2011;25,74
01.07.2011;25,93
05.07.2011;26,1
06.07.2011;25,97
07.07.2011;26,49
08.07.2011;26,54
11.07.2011;26,62
12.07.2011;26,55
13.07.2011;26,6
14.07.2011;26,62
15.07.2011;26,47
18.07.2011;26,63
19.07.2011;26,81
20.07.2011;27,28
21.07.2011;27,04
22.07.2011;26,86
25.07.2011;27,26
26.07.2011;27,82
27.07.2011;27,88
28.07.2011;27,29
29.07.2011;27,52
01.08.2011;27,51
02.08.2011;26,98
03.08.2011;26,83
04.08.2011;26,53
05.08.2011;25,97
08.08.2011;25,02
09.08.2011;24,71
10.08.2011;24,95
11.08.2011;24,5
12.08.2011;25,13
15.08.2011;25,24
16.08.2011;25,215
17.08.2011;25,25
18.08.2011;24,57
19.08.2011;24,41
22.08.2011;24,42
23.08.2011;24,03
24.08.2011;24,65
25.08.2011;25,08
26.08.2011;24,51
29.08.2011;25,53
30.08.2011;25,73
31.08.2011;26,29
01.09.2011;26,46
02.09.2011;25,78
06.09.2011;25,2
07.09.2011;25,69
08.09.2011;26
09.09.2011;26
12.09.2011;25,605
13.09.2011;25,92
14.09.2011;26,17
15.09.2011;26,73
16.09.2011;27,05
19.09.2011;26,8
20.09.2011;27,31
21.09.2011;27,05
22.09.2011;25,3
23.09.2011;24,9
26.09.2011;25,19
27.09.2011;25,66
28.09.2011;25,93
29.09.2011;25,98
30.09.2011;25,2
03.10.2011;24,72
04.10.2011;24,3
05.10.2011;25,42
06.10.2011;25,9
07.10.2011;26,34
10.10.2011;26,58
11.10.2011;26,86
12.10.2011;27,18
13.10.2011;26,76
14.10.2011;27,31
17.10.2011;27,1139
18.10.2011;26,94
19.10.2011;27,37
20.10.2011;27,26
21.10.2011;27,15
24.10.2011;27,06
25.10.2011;27,08
26.10.2011;27,03
27.10.2011;27,13
28.10.2011;27,14
31.10.2011;26,755
01.11.2011;26,19
02.11.2011;26,1
03.11.2011;26,24
04.11.2011;26,38
07.11.2011;26,21
08.11.2011;27,01
09.11.2011;26,59
10.11.2011;26,47
11.11.2011;26,5799
14.11.2011;26,8799
15.11.2011;26,56
16.11.2011;26,47
17.11.2011;26,01
18.11.2011;25,48
21.11.2011;25,24
22.11.2011;24,89
23.11.2011;24,61
25.11.2011;24,38
28.11.2011;24,94
29.11.2011;24,82
30.11.2011;25,3701
01.12.2011;25,56
02.12.2011;25,59
05.12.2011;25,78
06.12.2011;25,81
07.12.2011;25,67
08.12.2011;25,48
09.12.2011;25,52
12.12.2011;25,41
13.12.2011;25,75
14.12.2011;25,72
15.12.2011;25,72
16.12.2011;25,67
19.12.2011;26,02
20.12.2011;25,86
21.12.2011;26,01
22.12.2011;25,82
23.12.2011;25,9101
27.12.2011;25,96
28.12.2011;26,11
29.12.2011;25,95
30.12.2011;26
03.01.2012;26,55
04.01.2012;26,8199
05.01.2012;27,38
06.01.2012;27,53
09.01.2012;28,05
10.01.2012;27,93
11.01.2012;27,43
12.01.2012;27,87
13.01.2012;27,93
17.01.2012;28,4
18.01.2012;28,31
19.01.2012;28,16
20.01.2012;28,82
23.01.2012;29,55
24.01.2012;29,47
25.01.2012;29,07
26.01.2012;29,61
27.01.2012;29,45
30.01.2012;28,97
31.01.2012;29,66
01.02.2012;29,79
02.02.2012;29,9
03.02.2012;30,1401
06.02.2012;30,04
07.02.2012;30,15
08.02.2012;30,26
09.02.2012;30,68
10.02.2012;30,64
13.02.2012;30,63
14.02.2012;30,33
15.02.2012;30,3301
16.02.2012;30,31
17.02.2012;31,2
21.02.2012;31,18
22.02.2012;31,45
23.02.2012;31,2
24.02.2012;31,48
27.02.2012;31,24
28.02.2012;31,41
29.02.2012;31,885
01.03.2012;31,93
02.03.2012;32,31
05.03.2012;32,01
06.03.2012;31,54
07.03.2012;31,67
08.03.2012;32,04
09.03.2012;32,1
12.03.2012;31,97
13.03.2012;32,24
14.03.2012;32,53
15.03.2012;32,79
16.03.2012;32,91
19.03.2012;32,535
20.03.2012;32,1
21.03.2012;31,96
22.03.2012;31,81
23.03.2012;32,1
26.03.2012;32,19
27.03.2012;32,65
28.03.2012;32,52
29.03.2012;32,06
30.03.2012;32,4
02.04.2012;32,22
03.04.2012;32,16
04.04.2012;31,66
05.04.2012;31,15
09.04.2012;31,22
10.04.2012;31,06
11.04.2012;30,43
12.04.2012;30,48
13.04.2012;30,89
16.04.2012;30,99
17.04.2012;31,27
18.04.2012;31,28
19.04.2012;31,13
20.04.2012;32,15
23.04.2012;32,31
24.04.2012;32,21
25.04.2012;31,92
26.04.2012;32,12
27.04.2012;32,12
30.04.2012;31,98
01.05.2012;32,05
02.05.2012;31,85
03.05.2012;31,88
04.05.2012;31,45
07.05.2012;30,7
08.05.2012;30,48
09.05.2012;30,19
10.05.2012;30,86
11.05.2012;30,69
14.05.2012;30,82
15.05.2012;30,64
16.05.2012;30,31
17.05.2012;29,99
18.05.2012;29,79
21.05.2012;29,1
22.05.2012;29,69
23.05.2012;29,35
24.05.2012;29,16
25.05.2012;29,2
29.05.2012;29,38
30.05.2012;29,35
31.05.2012;29,3
01.06.2012;28,76
04.06.2012;28,62
05.06.2012;28,51
06.06.2012;28,88
07.06.2012;29,64
08.06.2012;29,21
11.06.2012;29,73
12.06.2012;29,1
13.06.2012;29,22
14.06.2012;29,33
15.06.2012;29,59
18.06.2012;29,99
19.06.2012;30,19
20.06.2012;30,93
21.06.2012;30,96
22.06.2012;30,3
25.06.2012;30,3001
26.06.2012;30
27.06.2012;30,19
28.06.2012;29,98
29.06.2012;30,45
02.07.2012;30,62
03.07.2012;30,23
05.07.2012;30,59
06.07.2012;30,61
09.07.2012;30,12
10.07.2012;30,08
11.07.2012;29,71
12.07.2012;29,15
13.07.2012;28,76
16.07.2012;29,48
17.07.2012;29,64
18.07.2012;29,6
19.07.2012;30,51
20.07.2012;31
23.07.2012;29,57
24.07.2012;29,2401
25.07.2012;29,24
26.07.2012;29,23
27.07.2012;29,48
30.07.2012;29,75
31.07.2012;29,48
01.08.2012;29,59
02.08.2012;29,21
03.08.2012;29,53
06.08.2012;30
07.08.2012;30,07
08.08.2012;30,21
09.08.2012;30,39
10.08.2012;30,5
13.08.2012;30,35
14.08.2012;30,3
15.08.2012;30,11
16.08.2012;30,3605
17.08.2012;30,92
20.08.2012;30,82
21.08.2012;30,76
22.08.2012;30,59
23.08.2012;30,39
24.08.2012;30,25
27.08.2012;30,93
28.08.2012;30,7
29.08.2012;30,6518
30.08.2012;30,53
31.08.2012;30,6
04.09.2012;30,45
05.09.2012;30,22
06.09.2012;30,5
07.09.2012;31,04
10.09.2012;30,83
11.09.2012;30,69
12.09.2012;30,94
13.09.2012;30,89
14.09.2012;31,01
17.09.2012;31,19
18.09.2012;31,1
19.09.2012;31,09
20.09.2012;30,95
21.09.2012;31,43
24.09.2012;31
25.09.2012;30,95
26.09.2012;30,28
27.09.2012;30,17
28.09.2012;30,18
01.10.2012;29,81
02.10.2012;29,68
03.10.2012;29,75
04.10.2012;29,955
05.10.2012;30,23
08.10.2012;29,64
09.10.2012;29,68
10.10.2012;29,15
11.10.2012;29,215
12.10.2012;28,97
15.10.2012;29,37
16.10.2012;29,45
17.10.2012;29,3
18.10.2012;29,65
19.10.2012;29,05
22.10.2012;28,73
23.10.2012;27,765
24.10.2012;28,16
25.10.2012;28,19
26.10.2012;27,86
31.10.2012;28,55
01.11.2012;28,84
02.11.2012;29,59
05.11.2012;29,62
06.11.2012;29,82
07.11.2012;29,53
08.11.2012;29,12
09.11.2012;28,88
12.11.2012;28,94
13.11.2012;27,02
14.11.2012;27,24
15.11.2012;26,88
16.11.2012;26,67
19.11.2012;26,8
20.11.2012;26,76
21.11.2012;26,71
23.11.2012;27,23
26.11.2012;27,54
27.11.2012;27,3599
28.11.2012;27,01
29.11.2012;27,11
30.11.2012;27,05
03.12.2012;26,78
04.12.2012;26,5
05.12.2012;26,38
06.12.2012;26,81
07.12.2012;26,82
10.12.2012;26,56
11.12.2012;27,05
12.12.2012;27,53
13.12.2012;27,32
14.12.2012;27,11
17.12.2012;26,79
18.12.2012;27,25
19.12.2012;27,69
20.12.2012;27,36
21.12.2012;27,45
24.12.2012;27,2
26.12.2012;27,03
27.12.2012;26,89
28.12.2012;26,71
31.12.2012;26,59
02.01.2013;27,25
03.01.2013;27,63
04.01.2013;27,27
07.01.2013;26,77
08.01.2013;26,75
09.01.2013;26,72
10.01.2013;26,65
11.01.2013;26,49
14.01.2013;26,9
15.01.2013;26,83
16.01.2013;27,15
17.01.2013;27,19
18.01.2013;27,1
22.01.2013;27,3
23.01.2013;27,2
24.01.2013;27,7
25.01.2013;27,58
28.01.2013;28,01
29.01.2013;27,82
30.01.2013;28,01
31.01.2013;27,79
01.02.2013;27,67
04.02.2013;27,87
05.02.2013;27,62
06.02.2013;27,3799
07.02.2013;27,35
08.02.2013;27,35
11.02.2013;27,65
12.02.2013;27,88
13.02.2013;27,93
14.02.2013;27,92
15.02.2013;28,04
19.02.2013;27,8801
20.02.2013;28,13
21.02.2013;27,74
22.02.2013;27,68
25.02.2013;27,97
26.02.2013;27,38
27.02.2013;27,42
28.02.2013;27,88
01.03.2013;27,72
04.03.2013;27,85
05.03.2013;28,29
06.03.2013;28,21
07.03.2013;28,11
08.03.2013;28,25
11.03.2013;27,94
12.03.2013;27,84
13.03.2013;27,87
14.03.2013;28
15.03.2013;28,03
18.03.2013;27,88
19.03.2013;28,12
20.03.2013;28,34
21.03.2013;28,11
22.03.2013;28,19
25.03.2013;28,3
26.03.2013;28,24
27.03.2013;28,14
28.03.2013;28,32
01.04.2013;28,64
02.04.2013;28,59
03.04.2013;28,75
04.04.2013;28,39
05.04.2013;28,22
08.04.2013;28,73
09.04.2013;28,73
10.04.2013;29,57
11.04.2013;29,1
12.04.2013;28,85
15.04.2013;28,65
16.04.2013;28,9
17.04.2013;28,85
18.04.2013;28,95
19.04.2013;29,62
22.04.2013;30,29
23.04.2013;30,69
24.04.2013;30,62
25.04.2013;31,71
26.04.2013;31,9
29.04.2013;31,8
30.04.2013;32,56
01.05.2013;32,93
02.05.2013;32,63
03.05.2013;33,23
06.05.2013;33,42
07.05.2013;33,65
08.05.2013;33,0667
09.05.2013;32,85
10.05.2013;32,67
13.05.2013;32,61
14.05.2013;32,8601
15.05.2013;33,45
16.05.2013;33,64
17.05.2013;34,1301
20.05.2013;34,73
21.05.2013;35,1
22.05.2013;34,79
23.05.2013;34,23
24.05.2013;33,92
28.05.2013;34,42
29.05.2013;34,74
30.05.2013;34,85
31.05.2013;34,82
03.06.2013;34,92
04.06.2013;35,62
05.06.2013;34,6
06.06.2013;34,84
07.06.2013;35,25
10.06.2013;35,51
11.06.2013;35,05
12.06.2013;35,14
13.06.2013;34,99
14.06.2013;34,55
17.06.2013;34,69
18.06.2013;34,97
19.06.2013;34,96
20.06.2013;34,26
21.06.2013;33,66
24.06.2013;32,94
25.06.2013;34,08
26.06.2013;34,12
27.06.2013;34,52
28.06.2013;34,38
01.07.2013;34,75
02.07.2013;34,41
03.07.2013;33,66
05.07.2013;34,09
08.07.2013;34,35
09.07.2013;34,58
10.07.2013;34,34
11.07.2013;35
12.07.2013;35,58
15.07.2013;35,66
16.07.2013;36,01
17.07.2013;36,34
18.07.2013;35,72
19.07.2013;32,4
22.07.2013;31,7
23.07.2013;31,91
24.07.2013;32,035
25.07.2013;31,62
26.07.2013;31,26
29.07.2013;31,47
30.07.2013;31,78
31.07.2013;31,97
01.08.2013;32,06
02.08.2013;31,69
05.08.2013;31,9
06.08.2013;31,55
07.08.2013;31,54
08.08.2013;32,24
09.08.2013;32,77
12.08.2013;32,46
13.08.2013;32,51
14.08.2013;32,14
15.08.2013;32
16.08.2013;31,79
19.08.2013;31,76
20.08.2013;31,44
21.08.2013;31,61
22.08.2013;32,185
23.08.2013;35,17
26.08.2013;34,4
27.08.2013;33,515
28.08.2013;33,39
29.08.2013;32,93
30.08.2013;33,37
03.09.2013;31,75
04.09.2013;31,39
05.09.2013;31,1
06.09.2013;31,31
09.09.2013;31,2208
10.09.2013;31,9
11.09.2013;32,57
12.09.2013;32,72
13.09.2013;32,77
16.09.2013;33,38
17.09.2013;33,42
18.09.2013;32,99
19.09.2013;33,48
20.09.2013;33,41
23.09.2013;32,5401
24.09.2013;32,87
25.09.2013;32,49
26.09.2013;32,64
27.09.2013;32,88
30.09.2013;33
01.10.2013;33,35
02.10.2013;33,36
03.10.2013;33,88
04.10.2013;33,69
07.10.2013;33,6
08.10.2013;33,31
09.10.2013;33,07
10.10.2013;33,31
11.10.2013;33,68
14.10.2013;33,9
15.10.2013;34,67
16.10.2013;34,6
17.10.2013;34,45
18.10.2013;34,82
21.10.2013;34,98
22.10.2013;35,02
23.10.2013;34,35
24.10.2013;33,82
25.10.2013;35,88
28.10.2013;35,61
29.10.2013;35,6301
30.10.2013;35,53
31.10.2013;35,66
01.11.2013;35,67
04.11.2013;35,59
05.11.2013;35,7899
06.11.2013;37,24
07.11.2013;37,96
08.11.2013;37,67
11.11.2013;37,69
12.11.2013;37,38
13.11.2013;36,98
14.11.2013;37,87
15.11.2013;37,95
18.11.2013;37,35
19.11.2013;36,85
20.11.2013;36,87
21.11.2013;37,27
22.11.2013;37,525
25.11.2013;37,93
26.11.2013;37,57
27.11.2013;37,57
29.11.2013;37,82
02.12.2013;38,09
03.12.2013;38,14
04.12.2013;38,21
05.12.2013;38,85
06.12.2013;38,42
09.12.2013;38,56
10.12.2013;38,61
11.12.2013;38,06
12.12.2013;37,64
13.12.2013;37,42
16.12.2013;36,73
17.12.2013;36,94
18.12.2013;36,3601
19.12.2013;36,51
20.12.2013;36,2
23.12.2013;36,81
24.12.2013;36,72
26.12.2013;37,2
27.12.2013;37,58
30.12.2013;37,22
31.12.2013;37,4
02.01.2014;37,35
03.01.2014;37,2
06.01.2014;36,85
07.01.2014;36,325
08.01.2014;36
09.01.2014;35,88
10.01.2014;35,9
13.01.2014;35,99
14.01.2014;34,73
15.01.2014;35,9
16.01.2014;36,69
17.01.2014;36,83
21.01.2014;36,82
22.01.2014;36,26
23.01.2014;36,09
24.01.2014;37,45
27.01.2014;36,87
28.01.2014;36,12
29.01.2014;35,98
30.01.2014;36,79
31.01.2014;36,95
03.02.2014;37,74
04.02.2014;36,97
05.02.2014;36,29
06.02.2014;35,8
07.02.2014;36,32
10.02.2014;36,63
11.02.2014;36,88
12.02.2014;37,35
13.02.2014;37,33
14.02.2014;37,39
18.02.2014;37,63
19.02.2014;37,22
20.02.2014;37,57
21.02.2014;37,94
24.02.2014;37,69
25.02.2014;37,61
26.02.2014;37,5801
27.02.2014;37,45
28.02.2014;37,98
03.03.2014;37,92
04.03.2014;38,2
05.03.2014;38,25
06.03.2014;38,14
07.03.2014;38,28
10.03.2014;37,99
11.03.2014;37,87
12.03.2014;37,8
13.03.2014;38,42
14.03.2014;37,651
17.03.2014;37,9
18.03.2014;38,26
19.03.2014;39,47
20.03.2014;39,25
21.03.2014;40,72
24.03.2014;40,34
25.03.2014;40,66
26.03.2014;40,48
27.03.2014;39,74
28.03.2014;39,79
31.03.2014;40,43
01.04.2014;41,15
02.04.2014;41,44
03.04.2014;41,29
04.04.2014;41,25
07.04.2014;39,96
08.04.2014;39,75
09.04.2014;39,93
10.04.2014;40,44
11.04.2014;39
14.04.2014;39,11
15.04.2014;39,34
16.04.2014;40,06
17.04.2014;40,01
21.04.2014;40,13
22.04.2014;39,96
23.04.2014;39,99
24.04.2014;39,74
25.04.2014;40,29
28.04.2014;40,14
29.04.2014;41,1
30.04.2014;40,4
01.05.2014;40,2401
02.05.2014;40,31
05.05.2014;39,52
06.05.2014;39,29
07.05.2014;39,22
08.05.2014;39,34
09.05.2014;39,54
12.05.2014;39,74
13.05.2014;39,92
14.05.2014;40,3
15.05.2014;40,09
16.05.2014;39,67
19.05.2014;39,61
20.05.2014;39,68
21.05.2014;39,8
22.05.2014;40,29
23.05.2014;40,37
27.05.2014;40,26
28.05.2014;40,14
29.05.2014;40,15
30.05.2014;40,45
02.06.2014;40,95
03.06.2014;40,6
04.06.2014;40,21
05.06.2014;40,59
06.06.2014;41,48
09.06.2014;41,39
10.06.2014;41,03
11.06.2014;40,93
12.06.2014;40,81
13.06.2014;41,1
16.06.2014;41,04
17.06.2014;41,29
18.06.2014;41,605
19.06.2014;41,57
20.06.2014;41,445
23.06.2014;41,73
24.06.2014;41,83
25.06.2014;41,7
26.06.2014;41,93
27.06.2014;41,61
30.06.2014;42,17
01.07.2014;41,86
02.07.2014;41,73
03.07.2014;41,91
07.07.2014;41,75
08.07.2014;41,87
09.07.2014;41,98
10.07.2014;41,37
11.07.2014;41,7
14.07.2014;42,22
15.07.2014;42,33
16.07.2014;42,51
17.07.2014;45,45
18.07.2014;44,65
21.07.2014;44,56
22.07.2014;45
23.07.2014;45,45
24.07.2014;44,93
25.07.2014;44,3
28.07.2014;44,36
29.07.2014;43,91
30.07.2014;44,07
31.07.2014;43,38
01.08.2014;43,21
04.08.2014;42,97
05.08.2014;43,31
06.08.2014;42,74
07.08.2014;42,84
08.08.2014;43,23
11.08.2014;43,26
12.08.2014;43,04
13.08.2014;43,68
14.08.2014;44,08
15.08.2014;44,58
18.08.2014;44,94
19.08.2014;44,97
20.08.2014;45,34
21.08.2014;44,84
22.08.2014;45,35
25.08.2014;45,4
26.08.2014;45,31
27.08.2014;44,9
28.08.2014;44,75
29.08.2014;45,09
02.09.2014;45,43
03.09.2014;44,53
04.09.2014;44,74
05.09.2014;45,11
08.09.2014;46,02
09.09.2014;46,47
10.09.2014;46,8201
11.09.2014;46,74
12.09.2014;46,91
15.09.2014;46,54
16.09.2014;46,39
17.09.2014;46,26
18.09.2014;46,59
19.09.2014;46,81
22.09.2014;47,3
23.09.2014;46,85
24.09.2014;46,63
25.09.2014;46,88
26.09.2014;45,93
29.09.2014;45,98
30.09.2014;46,37
01.10.2014;46,27
02.10.2014;45,83
03.10.2014;45,98
06.10.2014;46,12
07.10.2014;45,86
08.10.2014;45,48
09.10.2014;46,5
10.10.2014;45,6
13.10.2014;43,82
14.10.2014;43,87
15.10.2014;43
16.10.2014;42,53
17.10.2014;43,2
20.10.2014;43,06
21.10.2014;44,36
22.10.2014;45
23.10.2014;44,62
24.10.2014;46,83
27.10.2014;45,71
28.10.2014;45,86
29.10.2014;46,44
30.10.2014;46,32
31.10.2014;46,94
03.11.2014;46,89
04.11.2014;47,301
05.11.2014;47,8
06.11.2014;47,86
07.11.2014;48,92
10.11.2014;48,65
11.11.2014;48,85
12.11.2014;48,56
13.11.2014;48,81
14.11.2014;49,74
17.11.2014;49,41
18.11.2014;49,13
19.11.2014;48,66
20.11.2014;48
21.11.2014;49,02
24.11.2014;47,99
25.11.2014;47,66
26.11.2014;47,49
28.11.2014;47,95
01.12.2014;47,88
02.12.2014;48,84
03.12.2014;48,44
04.12.2014;48,39
05.12.2014;48,82
08.12.2014;48,26
09.12.2014;47,11
10.12.2014;47,58
11.12.2014;47,08
12.12.2014;46,78
15.12.2014;47,2
16.12.2014;45,9
17.12.2014;45,05
18.12.2014;46,58
19.12.2014;47,63
22.12.2014;47,78
23.12.2014;48,37
24.12.2014;48,64
26.12.2014;48,41
29.12.2014;47,7
30.12.2014;47,44
31.12.2014;46,73
02.01.2015;46,66
05.01.2015;46,37
06.01.2015;46,38
07.01.2015;45,98
08.01.2015;46,75
09.01.2015;47,61
12.01.2015;47,42
13.01.2015;46,97
14.01.2015;45,96
15.01.2015;46,22
16.01.2015;45,31
20.01.2015;46,3
21.01.2015;45,94
22.01.2015;46,38
23.01.2015;47,36
26.01.2015;47
27.01.2015;42,95
28.01.2015;42,74
29.01.2015;40,93
30.01.2015;41,55
02.02.2015;40,59
03.02.2015;41,63
04.02.2015;41,94
05.02.2015;42,22
06.02.2015;42,68
09.02.2015;42,24
10.02.2015;42,74
11.02.2015;42,65
12.02.2015;42,66
13.02.2015;43,38
17.02.2015;43,97
18.02.2015;43,63
19.02.2015;43,18
20.02.2015;43,51
23.02.2015;43,7
24.02.2015;44,15
25.02.2015;43,95
26.02.2015;43,99
27.02.2015;44,13
02.03.2015;43,67
03.03.2015;43,56
04.03.2015;43,01
05.03.2015;43,07
06.03.2015;43
09.03.2015;42,19
10.03.2015;42,35
11.03.2015;42,31
12.03.2015;41,33
13.03.2015;40,7
16.03.2015;41,47
17.03.2015;41,37
18.03.2015;41,43
19.03.2015;42,26
20.03.2015;42,56
23.03.2015;42,88
24.03.2015;42,78
25.03.2015;42,92
26.03.2015;41,22
27.03.2015;41,12
30.03.2015;41,1
31.03.2015;40,78
01.04.2015;40,6
02.04.2015;40,66
06.04.2015;40,34
07.04.2015;41,61
08.04.2015;41,46
09.04.2015;41,25
10.04.2015;41,63
13.04.2015;41,4
14.04.2015;41,8
15.04.2015;41,76
16.04.2015;41,95
17.04.2015;41,67
20.04.2015;41,73
21.04.2015;43
22.04.2015;42,67
23.04.2015;42,89
24.04.2015;45,66
27.04.2015;47,23
28.04.2015;47,78
29.04.2015;48,72
30.04.2015;48,7
01.05.2015;48,58
04.05.2015;48,37
05.05.2015;47,82
06.05.2015;47,57
07.05.2015;46,27
08.05.2015;47,55
11.05.2015;47,55
12.05.2015;46,85
13.05.2015;48,19
14.05.2015;48,0301
15.05.2015;48,87
18.05.2015;47,98
19.05.2015;47,56
20.05.2015;47,39
21.05.2015;47,28
22.05.2015;47,3
26.05.2015;46,83
27.05.2015;46,82
28.05.2015;47,5
29.05.2015;47,43
01.06.2015;47,06
02.06.2015;46,93
03.06.2015;47,37
04.06.2015;46,79
05.06.2015;46,31
08.06.2015;46,3
09.06.2015;45,76
10.06.2015;45,79
11.06.2015;46,66
12.06.2015;46,22
15.06.2015;45,45
16.06.2015;45,35
17.06.2015;45,73
18.06.2015;46,22
19.06.2015;46,79
22.06.2015;46,33
23.06.2015;46,13
24.06.2015;45,67
25.06.2015;46,03
26.06.2015;45,65
29.06.2015;45,04
30.06.2015;44,71
01.07.2015;44,46
02.07.2015;44,48
06.07.2015;43,96
07.07.2015;44,34
08.07.2015;44,44
09.07.2015;44,75
10.07.2015;45,01
13.07.2015;44,975
14.07.2015;45,45
15.07.2015;45,68
16.07.2015;46,01
17.07.2015;46,55
20.07.2015;46,65
21.07.2015;46,78
22.07.2015;45,44
23.07.2015;45,27
24.07.2015;45,91
27.07.2015;45,94
28.07.2015;45,58
29.07.2015;45,4
30.07.2015;46,26
31.07.2015;47,29
03.08.2015;46,98
04.08.2015;46,75
05.08.2015;47,98
06.08.2015;47,71
07.08.2015;46,39
10.08.2015;46,95
11.08.2015;46,82
12.08.2015;46,19
13.08.2015;47,06
14.08.2015;46,53
17.08.2015;46,81
18.08.2015;46,84
19.08.2015;46,78
20.08.2015;46,07
21.08.2015;45,3
24.08.2015;40,45
25.08.2015;42,565
26.08.2015;42,01
27.08.2015;43,14
28.08.2015;43,47
31.08.2015;43,74
01.09.2015;42,23
02.09.2015;42,24
03.09.2015;43,41
04.09.2015;42,81
08.09.2015;43,3
09.09.2015;44,21
10.09.2015;43,12
11.09.2015;43,14
14.09.2015;43,43
15.09.2015;43,19
16.09.2015;43,97
17.09.2015;44,29
18.09.2015;43,5
21.09.2015;43,62
22.09.2015;43,38
23.09.2015;43,93
24.09.2015;43,45
25.09.2015;44,48
28.09.2015;43,83
29.09.2015;43,37
30.09.2015;43,88
01.10.2015;44,75
02.10.2015;44,27
05.10.2015;45,745
06.10.2015;46,33
07.10.2015;47,1
08.10.2015;46,56
09.10.2015;47,45
12.10.2015;46,98
13.10.2015;46,56
14.10.2015;46,65
15.10.2015;47,01
16.10.2015;47,02
19.10.2015;47,42
20.10.2015;47,44
21.10.2015;47,92
22.10.2015;47,53
23.10.2015;52,3
26.10.2015;52,53
27.10.2015;53,99
28.10.2015;53,54
29.10.2015;53,54
30.10.2015;53,32
02.11.2015;52,85
03.11.2015;52,93
04.11.2015;54,18
05.11.2015;54,49
06.11.2015;54,085
09.11.2015;54,55
10.11.2015;54,07
11.11.2015;53,7
12.11.2015;53,48
13.11.2015;53,07
16.11.2015;53,08
17.11.2015;53,17
18.11.2015;53
19.11.2015;53,99
20.11.2015;54,25
23.11.2015;54,25
24.11.2015;53,92
25.11.2015;54,09
27.11.2015;53,8
30.11.2015;54,54
01.12.2015;54,41
02.12.2015;55,32
03.12.2015;55,49
04.12.2015;54,12
07.12.2015;55,79
08.12.2015;55,47
09.12.2015;55,37
10.12.2015;55,39
11.12.2015;54,71
14.12.2015;54,33
15.12.2015;55,66
16.12.2015;55,54
17.12.2015;56,36
18.12.2015;55,77
21.12.2015;54,88
22.12.2015;54,99
23.12.2015;55,7
24.12.2015;55,86
28.12.2015;55,35
29.12.2015;56,29
30.12.2015;56,47
31.12.2015;56,04
04.01.2016;54,32
05.01.2016;54,93
06.01.2016;54,32
07.01.2016;52,7
08.01.2016;52,37
11.01.2016;52,51
12.01.2016;52,76
13.01.2016;53,8
14.01.2016;52
15.01.2016;51,31
19.01.2016;51,48
20.01.2016;49,98
21.01.2016;51
22.01.2016;51,41
25.01.2016;51,94
26.01.2016;51,79
27.01.2016;52,01
28.01.2016;51,86
29.01.2016;54,73
01.02.2016;54,88
02.02.2016;54,17
03.02.2016;53,25
04.02.2016;52,1
05.02.2016;51,94
08.02.2016;49,55
09.02.2016;49,02
10.02.2016;49,89
11.02.2016;48,68
12.02.2016;50,25
16.02.2016;50,9
17.02.2016;51,49
18.02.2016;52,33
19.02.2016;51,97
22.02.2016;52,28
23.02.2016;52,34
24.02.2016;50,69
25.02.2016;51,73
26.02.2016;52,6
29.02.2016;51,35
01.03.2016;50,97
02.03.2016;52,41
03.03.2016;52,97
04.03.2016;52,4
07.03.2016;51,56
08.03.2016;50,8
09.03.2016;51,89
10.03.2016;52,93
11.03.2016;53
14.03.2016;52,71
15.03.2016;52,75
16.03.2016;53,45
17.03.2016;54,21
18.03.2016;54,92
21.03.2016;53,25
22.03.2016;53,61
23.03.2016;54,11
24.03.2016;53,84
28.03.2016;54,21
29.03.2016;53,66
30.03.2016;54,93
31.03.2016;54,95
01.04.2016;55,05
04.04.2016;55,43
05.04.2016;55,19
06.04.2016;54,36
07.04.2016;54,87
08.04.2016;54,67
11.04.2016;54,49
12.04.2016;54,37
13.04.2016;55,12
14.04.2016;55,22
15.04.2016;55,3
18.04.2016;55,49
19.04.2016;56,63
20.04.2016;56,29
21.04.2016;55,8
22.04.2016;51,91
25.04.2016;51,78
26.04.2016;52,26
27.04.2016;51,48
28.04.2016;50,62
29.04.2016;49,35
02.05.2016;50
03.05.2016;50,34
04.05.2016;49,84
05.05.2016;49,87
06.05.2016;49,92
09.05.2016;50,49
10.05.2016;50,33
11.05.2016;51,13
12.05.2016;51,2
13.05.2016;51,44
16.05.2016;50,8
17.05.2016;51,72
18.05.2016;50,48
19.05.2016;50,47
20.05.2016;50,48
23.05.2016;50,6
24.05.2016;50,7
25.05.2016;51,92
26.05.2016;51,93
27.05.2016;51,92
31.05.2016;52,26
01.06.2016;52,44
02.06.2016;52,64
03.06.2016;52,38
06.06.2016;51,99
07.06.2016;52,24
08.06.2016;52,02
09.06.2016;52
10.06.2016;51,05
13.06.2016;49,58
14.06.2016;49,9
15.06.2016;49,78
16.06.2016;49,52
17.06.2016;50,41
20.06.2016;50,64
21.06.2016;50,2
22.06.2016;51,08
23.06.2016;51,28
24.06.2016;49,81
27.06.2016;49,1
28.06.2016;48,92
29.06.2016;49,91
30.06.2016;50,72
01.07.2016;51,13
05.07.2016;50,83
06.07.2016;50,78
07.07.2016;51,42
08.07.2016;51,73
11.07.2016;52,5
12.07.2016;52,94
13.07.2016;53,56
14.07.2016;53,84
15.07.2016;53,95
18.07.2016;53,7
19.07.2016;53,71
20.07.2016;56,15
21.07.2016;55,98
22.07.2016;56,08
25.07.2016;56,47
26.07.2016;56,52
27.07.2016;56,61
28.07.2016;56
29.07.2016;56,26
01.08.2016;56,6
02.08.2016;56,85
03.08.2016;56,68
04.08.2016;56,8
05.08.2016;57,65
08.08.2016;58,055
09.08.2016;58,17
10.08.2016;58,16
11.08.2016;58,03
12.08.2016;58,03
15.08.2016;58,01
16.08.2016;57,61
17.08.2016;57,54
18.08.2016;57,42
19.08.2016;57,43
22.08.2016;57,6
23.08.2016;57,9
24.08.2016;57,8
25.08.2016;57,88
26.08.2016;58,28
29.08.2016;58,18
30.08.2016;57,98
31.08.2016;57,65
01.09.2016;57,01
02.09.2016;57,67
06.09.2016;57,78
07.09.2016;57,47
08.09.2016;57,63
09.09.2016;56,79
12.09.2016;56
13.09.2016;56,5
14.09.2016;56,39
15.09.2016;56,15
16.09.2016;57,63
19.09.2016;57,27
20.09.2016;57,35
21.09.2016;57,51
22.09.2016;57,92
23.09.2016;57,87
26.09.2016;57,08
27.09.2016;56,93
28.09.2016;57,88
29.09.2016;57,81
30.09.2016;57,57
03.10.2016;57,405
04.10.2016;57,27
05.10.2016;57,29
06.10.2016;57,74
07.10.2016;57,85
10.10.2016;57,91
11.10.2016;57,89
12.10.2016;57,11
13.10.2016;56,7
14.10.2016;57,12
17.10.2016;57,36
18.10.2016;57,53
19.10.2016;57,47
20.10.2016;57,5
21.10.2016;60,28
24.10.2016;59,94
25.10.2016;60,85
26.10.2016;60,81
27.10.2016;60,61
28.10.2016;60,01
31.10.2016;60,16
01.11.2016;59,97
02.11.2016;59,82
03.11.2016;59,53
04.11.2016;58,65
07.11.2016;59,78
08.11.2016;60,55
09.11.2016;60
10.11.2016;60,48
11.11.2016;58,23
14.11.2016;59,02
15.11.2016;58,33
16.11.2016;58,94
17.11.2016;60,41
18.11.2016;60,78
21.11.2016;60,5
22.11.2016;60,98
23.11.2016;61,01
25.11.2016;60,3
28.11.2016;60,34
29.11.2016;60,65
30.11.2016;60,86
01.12.2016;60,11
02.12.2016;59,08
05.12.2016;59,7
06.12.2016;60,43
07.12.2016;60,01
08.12.2016;61,3
09.12.2016;61,18
12.12.2016;61,82
13.12.2016;62,5
14.12.2016;63
15.12.2016;62,7
16.12.2016;62,95
19.12.2016;62,56
20.12.2016;63,69
21.12.2016;63,43
22.12.2016;63,84
23.12.2016;63,45
27.12.2016;63,21
28.12.2016;63,4
29.12.2016;62,86
30.12.2016;62,96
03.01.2017;62,79
04.01.2017;62,48
05.01.2017;62,19
06.01.2017;62,3
09.01.2017;62,76
10.01.2017;62,73
11.01.2017;62,61
12.01.2017;63,06
13.01.2017;62,62
17.01.2017;62,68
18.01.2017;62,67
19.01.2017;62,24
20.01.2017;62,67
23.01.2017;62,7
24.01.2017;63,2
25.01.2017;63,95
26.01.2017;64,12
27.01.2017;65,39
30.01.2017;65,69
31.01.2017;64,86
01.02.2017;64,36
02.02.2017;63,25
03.02.2017;63,5
06.02.2017;63,5
07.02.2017;63,74
08.02.2017;63,57
09.02.2017;63,52
10.02.2017;64,25
13.02.2017;64,24
14.02.2017;64,41
15.02.2017;64,5
16.02.2017;64,74
17.02.2017;64,47
21.02.2017;64,61
22.02.2017;64,33
23.02.2017;64,42
24.02.2017;64,53
27.02.2017;64,54
28.02.2017;64,08
01.03.2017;64,13
02.03.2017;64,69
03.03.2017;63,99
06.03.2017;63,97
07.03.2017;64,19
08.03.2017;64,26
09.03.2017;65,19
10.03.2017;65,11
13.03.2017;65,01
14.03.2017;64,53
15.03.2017;64,55
16.03.2017;64,75
17.03.2017;64,91
20.03.2017;64,91
21.03.2017;65,19
22.03.2017;64,12
23.03.2017;64,94
24.03.2017;65,36
27.03.2017;64,63
28.03.2017;64,96
29.03.2017;65,12
30.03.2017;65,42
31.03.2017;65,65
03.04.2017;65,81
04.04.2017;65,39
05.04.2017;66,3
06.04.2017;65,6
07.04.2017;65,85
10.04.2017;65,61
11.04.2017;65,6
12.04.2017;65,42
13.04.2017;65,29
17.04.2017;65,04
18.04.2017;65,33
19.04.2017;65,65
20.04.2017;65,46
21.04.2017;65,67
24.04.2017;67,48
25.04.2017;67,9
26.04.2017;68,08
27.04.2017;68,15
28.04.2017;68,91
01.05.2017;68,68
02.05.2017;69,71
03.05.2017;69,38
04.05.2017;69,03
05.05.2017;68,9
08.05.2017;68,97
09.05.2017;68,86
10.05.2017;68,99
11.05.2017;68,36
12.05.2017;68,61
15.05.2017;68,14
16.05.2017;68,23
17.05.2017;68,89
18.05.2017;67,4
19.05.2017;67,5
22.05.2017;67,89
23.05.2017;68,72
24.05.2017;68,87
25.05.2017;68,97
26.05.2017;69,8
30.05.2017;69,79
31.05.2017;70,53
01.06.2017;70,24
02.06.2017;70,44
05.06.2017;71,97
06.06.2017;72,3
07.06.2017;72,64
08.06.2017;72,51
09.06.2017;72,04
12.06.2017;69,25
13.06.2017;70,02
14.06.2017;70,91
15.06.2017;69,27
16.06.2017;69,73
19.06.2017;70,5
20.06.2017;70,82
21.06.2017;70,21
22.06.2017;70,54
23.06.2017;70,09
26.06.2017;71,4
27.06.2017;70,11
28.06.2017;69,21
29.06.2017;69,38
30.06.2017;68,78
03.07.2017;69,33
05.07.2017;68,26
06.07.2017;68,27
07.07.2017;68,7
10.07.2017;69,46
11.07.2017;70
12.07.2017;70,69
13.07.2017;71,5
14.07.2017;72,24
17.07.2017;72,8
18.07.2017;73,09
19.07.2017;73,5
20.07.2017;74,18
21.07.2017;73,45
24.07.2017;73,53
25.07.2017;73,8
26.07.2017;74,34
27.07.2017;73,76
28.07.2017;72,67
31.07.2017;73,3
01.08.2017;73,1
02.08.2017;72,55
03.08.2017;72,19
04.08.2017;72,4
07.08.2017;72,8
08.08.2017;72,09
09.08.2017;72,25
10.08.2017;71,9
11.08.2017;71,61
14.08.2017;73,06
15.08.2017;73,59
16.08.2017;73,34
17.08.2017;73,58
18.08.2017;72,27
21.08.2017;72,47
22.08.2017;72,35
23.08.2017;72,96
24.08.2017;72,74
25.08.2017;72,86
28.08.2017;73,06
29.08.2017;72,25
30.08.2017;73,01
31.08.2017;74,03
01.09.2017;74,71
05.09.2017;73,34
06.09.2017;73,74
07.09.2017;73,68
08.09.2017;74,33
11.09.2017;74,31
12.09.2017;74,76
13.09.2017;74,93
14.09.2017;75
15.09.2017;74,83
18.09.2017;75,23
19.09.2017;75,21
20.09.2017;75,35
21.09.2017;75,11
22.09.2017;73,99
25.09.2017;74,09
26.09.2017;73,67
27.09.2017;73,55
28.09.2017;73,54
29.09.2017;73,94
02.10.2017;74,71
03.10.2017;74,67
04.10.2017;74,09
05.10.2017;75,22
06.10.2017;75,67
09.10.2017;75,97
10.10.2017;76,33
11.10.2017;76,36
12.10.2017;76,49
13.10.2017;77,59
16.10.2017;77,42
17.10.2017;77,47
18.10.2017;77,67
19.10.2017;77,57
20.10.2017;78,32
23.10.2017;78,99
24.10.2017;78,9
25.10.2017;78,58
26.10.2017;79,2
27.10.2017;84,37
30.10.2017;83,7
31.10.2017;84,36
01.11.2017;83,68
02.11.2017;83,35
03.11.2017;84,08
06.11.2017;84,2
07.11.2017;84,77
08.11.2017;84,14
09.11.2017;84,11
10.11.2017;83,79
13.11.2017;83,66
14.11.2017;83,5
15.11.2017;83,47
16.11.2017;83,1
17.11.2017;83,12
20.11.2017;82,4
21.11.2017;82,74
22.11.2017;83,83
24.11.2017;83,01
27.11.2017;83,31
28.11.2017;84,07
29.11.2017;84,71
30.11.2017;83,51
01.12.2017;83,6
04.12.2017;84,42
05.12.2017;81,34
06.12.2017;81,55
07.12.2017;82,54
08.12.2017;83,63
11.12.2017;84,29
12.12.2017;85,31
13.12.2017;85,74
14.12.2017;85,43
15.12.2017;85,26
18.12.2017;87,12
19.12.2017;86,35
20.12.2017;86,2
21.12.2017;86,05
22.12.2017;85,4
26.12.2017;85,31
27.12.2017;85,65
28.12.2017;85,9
29.12.2017;85,63
02.01.2018;86,125
03.01.2018;86,055
04.01.2018;86,59
05.01.2018;87,66
08.01.2018;88,2
09.01.2018;88,65
10.01.2018;87,86
11.01.2018;88,13
12.01.2018;88,67
16.01.2018;90,1
17.01.2018;89,08
18.01.2018;89,8
19.01.2018;90,14
22.01.2018;90
23.01.2018;91,9
24.01.2018;92,55
25.01.2018;92,465
26.01.2018;93,12
29.01.2018;95,14
30.01.2018;93,3
31.01.2018;93,75
01.02.2018;94,79
02.02.2018;93,64
05.02.2018;90,56
06.02.2018;86,89
07.02.2018;90,49
08.02.2018;89,71
09.02.2018;86,3